"","hash","fees","value","bits","difficulty","reward","transactions_count","size","height","timestamp","version","total_out","tx_hash","generationAddress","script_hex","API"
"1","000000000000000001a3079487a9b24c8169193c357b18bf5d5021f14cc3fa29",31006138,"1264521523850",403024122,"194254820283","2500000000",2097,998086,411300,"2016-05-11T12:37:39.000Z",536870913,"1264521523850","ab435f92bfe11fb9c0a9ef125849dbba44d3dc3603e0304b8019f2669740489c","1DrK44np3gMKuvcGeFVv9Jk67zodP52eMu","03a446060479273357085000001f000c1188102f426974467572792f5345475749542f","api.kaiko.com"
"2","000000000000000000b9d8d41163087d3300a013dcfaffe3347c87bedfe81aab",32044225,"1033162398390",403024122,"194254820283","2500000000",1142,957699,411301,"2016-05-11T12:42:51.000Z",4,"1033162398390","0af81c16d15e2ab636f1808e3868d5c767c941e6d4d24507d2d3e5bebcf9077e","1KFHE7w8BhaENAswwryaoccDb6qcT6DbYY","03a5460637e4b883e5bda9e7a59ee4bb99e9b1bc42bf8d01a32bc0d2d75804e8fafef919663982f89a5d1911e3eda7d2898296dd04000000f09f909f0c4d696e65642062792064796b000000000000000000000000000000000000000000000000000000","api.kaiko.com"
"3","00000000000000000479bfd47959f64f0e47f9a57127b15351379994e7110201",45977186,"1129814312525",403024122,"194254820283","2500000000",984,927990,411302,"2016-05-11T12:52:44.000Z",4,"1129814312525","76c0ba2825607a09fbfbd4a0b3c538e53076298b4a9b765f9fb0a4d600ad0252","Multiple","03a646060e00456c69676975730057332b0a01fabe6d6d1a1572d04ac9c212068b3082dc484a423f7b63b539092134a09b5aeadb496b250100000000000000002f737333362f006a000000f66c0000","api.kaiko.com"
"4","000000000000000003c0675c2d0da7f046d9879eb5bfd9db21a75116d05b9378",46376789,"2273271607212",403024122,"194254820283","2500000000",2344,998050,411303,"2016-05-11T13:03:36.000Z",536870913,"2273271607212","94bcc9aa0e2d608a62ed38dbd60c355fdfb701cda845892b38dd0e29b5522ee1","1FeDtFhARLxjKUPPkQqEBL78tisenc9znS","03a7460604872d3357084ffff95700040413102f426974467572792f4249503130302f","api.kaiko.com"
"5","00000000000000000343590b7ccb24ab1102aaaa0706c04f09f7a65bf13cfed0",63732554,"5451593036617",403024122,"194254820283","2500000000",3275,998059,411304,"2016-05-11T13:28:45.000Z",4,"5451593036617","b3f9d55963f5e98aa7f96fd9969e82df0f0650392d78b2bd44be028848487860","15urYnyeJe3gwbGJ74wcX89Tz7ZtsFDVew","03a84606204d696e656420627920416e74506f6f6c20626a313220394a50f7205733338d01542f0000bd1d3200","api.kaiko.com"
"6","0000000000000000058715d099fb726e009154eafd78bd3aef4bb37f834ec11b",23327368,"2366329165057",403024122,"194254820283","2500000000",1797,999858,411305,"2016-05-11T13:29:12.000Z",4,"2366329165057","5bf50571a8e0e57f07f821a3043ec6e3a765819b06e77d2af96523ab625ff570","1KFHE7w8BhaENAswwryaoccDb6qcT6DbYY","03a9460637e4b883e5bda9e7a59ee4bb99e9b1bcc4f881409e2141a02ccbbac5c05cb7617bc118d27acef10b9250fc8d3cefe69c04000000f09f909f0c4d696e656420627920616e74000000000000000000000000000000000000000000000000000000","api.kaiko.com"
"7","0000000000000000055e5e9513116ef7dd6631ae3e0dbcc376e5890fb7ef2c28",61988318,"3886946859194",403024122,"194254820283","2500000000",2952,998211,411306,"2016-05-11T13:48:45.000Z",4,"3886946859194","7d38194f6134d3abed7570699d54f2817c73648e682d7c9e91c8e7dfb32da76a","15urYnyeJe3gwbGJ74wcX89Tz7ZtsFDVew","03aa46061f4d696e656420627920416e74506f6f6c20626a313220394a50f7205733383d0607000054fd2700","api.kaiko.com"
"8","0000000000000000054ba46707cc4c736f47439040992cf3edc484fbb1e5b180",65062201,"4466217178297",403024122,"194254820283","2500000000",3128,934328,411307,"2016-05-11T14:13:03.000Z",805306368,"4466217178297","cbae445c3c9d08f60fdc2a7e3141bbcb728967bfc0fa00e792d0451652781843","1Mpce11eUTuP9mxyDixdFbJzPrdNEJkgB4","03ab46061b4b6e434d696e657242322d5032a502c1d3f994526e57333e470c95e201000065770f00","api.kaiko.com"
"9","000000000000000000ff583eda6dc841311e161198e02a5677fae19e4f785f70",32822017,"1520829301196",403024122,"194254820283","2500000000",2323,998051,411308,"2016-05-11T14:19:03.000Z",4,"1520829301196","8072495b2b3da517966f64550efafc6824ac6438aa2be2265c77adf2ba435441","15urYnyeJe3gwbGJ74wcX89Tz7ZtsFDVew","03ac46061f4d696e656420627920416e74506f6f6c20626a31342009af60582057333f57cd2b00001fac0700","api.kaiko.com"
"10","000000000000000001ed04c49c21e8e7b62e57ace722ed8ff3e85d2d9d3709e4",26193453,"795351513169",403024122,"194254820283","2500000000",1629,998207,411309,"2016-05-11T14:23:31.000Z",536870913,"795351513169","9373b9bef6a1f6cc8eecfb6b715294b9ca8bf4add91f0360f92aa6936aaaf416","1BQLNJtMDKmMZ4PyqVFfRuBNvoGhjigBKF","03ad4606000464403357045090310e085fc4f63b10c208000a425720537570706f727420384d200a666973686572206a696e78696e092f425720506f6f6c2f","api.kaiko.com"
"11","0000000000000000036b4c8fb5037e25d59c93b305a4e7a3b0bc5f9989edd864",26469238,"939054697809",403024122,"194254820283","2500000000",1252,749805,411310,"2016-05-11T14:28:28.000Z",4,"939054697809","c2c1e870571d7c427798ffcda5d2094b8c7eb95f9ebb2ba883e892f0548ec86c","1KFHE7w8BhaENAswwryaoccDb6qcT6DbYY","03ae460637e4b883e5bda9e7a59ee4bb99e9b1bc313dc2c8325bdd65ec00487d5334438f1253cba969fb07097878785f88f49c7004000000f09f909f0e4d696e6564206279207a6331313100000000000000000000000000000000000000000000000000","api.kaiko.com"
"12","000000000000000000ffae3998246ed71a1517c0ec6d0f09bf9452d026b86528",4147414,"84132991577",403024122,"194254820283","2500000000",210,98473,411311,"2016-05-11T14:29:34.000Z",4,"84132991577","6967c9403e24557dfb3af55336eaded3a56b30d38186b963cb6ca151d3b4c4ef","1KFHE7w8BhaENAswwryaoccDb6qcT6DbYY","03af460637e4b883e5bda9e7a59ee4bb99e9b1bc842bd89512df812bbf6f73544dcb449b1d6650c1427edb0f16c9a7ea0331c56e04000000f09f909f114d696e6564206279206c7562696e39393700000000000000000000000000000000000000000000","api.kaiko.com"
"13","0000000000000000020981a3c2998e0ceb017ae2577e4f3b1fc2e3fc7103d988",12066557,"448011959301",403024122,"194254820283","2500000000",759,349539,411312,"2016-05-11T14:32:43.000Z",4,"448011959301","98b47dadf3adaf822409cc325cc29801349352089fe0c5417b6ce66a528f1eb4","15urYnyeJe3gwbGJ74wcX89Tz7ZtsFDVew","03b046061f4d696e656420627920416e74506f6f6c20626a313520107a10ac205733428bb729000071290600","api.kaiko.com"
"14","000000000000000001e670739ad29297b593aa960c141d594fd2756788c46c93",14062832,"657885690470",403024122,"194254820283","2500000000",864,388822,411313,"2016-05-11T14:36:10.000Z",4,"657885690470","52cbd22ae81741462c7bb1839d686de72a7dccc5f6194c7fd88c6638ce4bb370","1DXRoTT67mCbhdHHL1it4J1xsSZHHnFxYR","03b1460600044d433357044d8e03380c2718db56742a0000000000000a2020202020200a2f72657365727665642f","api.kaiko.com"
"15","0000000000000000026806253ad80b75a43ba9937984b5fb6e6826b2297744f2",49004281,"3628894000765",403024122,"194254820283","2500000000",2693,998162,411314,"2016-05-11T14:51:05.000Z",4,"3628894000765","3984500e775b09989e9f7c8e44d80b2c3e8a583aed440c4500674df5eadb7e63","15HCzh8AoKRnTWMtmgAsT9TKUPrQ6oh9HQ","03b246061f4d696e656420627920416e74506f6f6c20757361312022fadf0120573346d98a2b0000df750a00","api.kaiko.com"
"16","0000000000000000016c96f3594e223d8ae0b6865a4fb3bc6c9243f93d9dee63",55662761,"3486120456386",403024122,"194254820283","2500000000",2997,998168,411315,"2016-05-11T15:09:19.000Z",4,"3486120456386","cf6f5b96ae469e3d1fa484ddabe0f5e57b7f8f35847dde58716013222cc141de","1Ebb8NfVmKMoGuMJCAEbVMv2dX8GnzgxSa","03b346061f4d696e656420627920416e74506f6f6c20757361322011bae02f2057334b1f8b0e000014ee0a00","api.kaiko.com"
"17","0000000000000000031665d245c3b9b4804683b81e14d472de34599b0b5bf5f8",28449010,"1025463627083",403024122,"194254820283","2500000000",1515,998071,411316,"2016-05-11T15:13:01.000Z",536870913,"1025463627083","ce1626822d130ddef0912a09a9cd39a59fb609e6339632a28763d40303157cc8","1BQLNJtMDKmMZ4PyqVFfRuBNvoGhjigBKF","03b446060004fe4b335704a643a900083c44a7823c1d06000a425720537570706f727420384d200a666973686572206a696e78696e092f425720506f6f6c2f","api.kaiko.com"
"18","000000000000000002b19fa36bc3d9c35e35368c1f2a036da6e1ed421c49ed4c",58789306,"3971306597107",403024122,"194254820283","2500000000",3052,998137,411317,"2016-05-11T15:33:28.000Z",4,"3971306597107","41b9e274e207e4f4a61f97de90c0e98e6fe9648b02269c414c9c9a8996ff8f3f","15urYnyeJe3gwbGJ74wcX89Tz7ZtsFDVew","03b54606204d696e656420627920416e74506f6f6c20626a313220394a50f720573350c8014417000084192900","api.kaiko.com"
"19","00000000000000000331f04b50c5f25ee7298508692c76279f537fcc8b0a84b0",56285763,"4893493409278",403024122,"194254820283","2500000000",3015,998073,411318,"2016-05-11T15:51:43.000Z",4,"4893493409278","83bc9f5972e263e01f5b2660fa42326310b0437827ce086a9e53702a99e417ee","15urYnyeJe3gwbGJ74wcX89Tz7ZtsFDVew","03b646061f4d696e656420627920416e74506f6f6c20626a31342009af6058205733550fc32500006db22300","api.kaiko.com"
"20","000000000000000000abfa25bb5bf0294c161472778b7f3b6bd00424e5f5e616",115623234,"2740295174828",403024122,"194254820283","2500000000",2771,934392,411319,"2016-05-11T16:24:02.000Z",805306368,"2740295174828","aa0dcc5e4165c042a73876b7fe2c24ef9d5069ab4487196f7341c9259965f0ef","1Mpce11eUTuP9mxyDixdFbJzPrdNEJkgB4","03b74606194b6e434d696e657242322d5031ec4abd8373fd780857335d23ab0100002fa91300","api.kaiko.com"
"21","000000000000000000fa1cc7d2d22db5632081a0e6373f57caca306d1198e210",42079000,"3152163365376",403024122,"194254820283","2500000000",2844,999968,411320,"2016-05-11T16:27:43.000Z",805306368,"3152163365376","ca633705424d72fe914a98cab01dff6d9562113d7406d307681ca55a2de8077f","1KFHE7w8BhaENAswwryaoccDb6qcT6DbYY","03b8460637e4b883e5bda9e7a59ee4bb99e9b1bceecb60d40d03e16583d3e88f0af69cc699af40eab6da2936499b198bcf3e895d04000000f09f909f0c4d696e656420627920626331000000000000000000000000000000000000000000000000000000","api.kaiko.com"
"22","0000000000000000037a3bead9a2c3e215f67ca418593c18e30ff15ee0a41e03",27638332,"912944661958",403024122,"194254820283","2500000000",1629,997947,411321,"2016-05-11T16:28:50.000Z",536870913,"912944661958","e9bca73272d4dd7007737b067bd22578c93c0184dd8adff492f503705c2eb4bf","155fzsEBHy9Ri2bMQ8uuuR3tv1YzcDywd4","03b946060004c25d335704cd6b74290cbc243257e0380200000000000a636b706f6f6c182f426974436c7562204e6574776f726b2f5345475749542f","api.kaiko.com"
"23","000000000000000003c881d1a419808178a454fbf830d0320b55efde41891673",288922,"9134924994",403024122,"194254820283","2500000000",7,2032,411322,"2016-05-11T16:36:50.000Z",4,"9134924994","aac5d97f9af5bba96957675f1c30e41e9b44a9cab5b35296b2bfa677a1aea64c","1JVMpaWzLB1pnkwoQNqK4Z4EimQj5bCKj7","03ba46061f4d696e656420627920416e74506f6f6c2075736130200a0d22302057335fa2ad020000c26b0f00","api.kaiko.com"
"24","00000000000000000122c5c75576ff82aaa63d286f596c4a3e5381228a2715e0",59531350,"2386116998944",403024122,"194254820283","2500000000",2146,988047,411323,"2016-05-11T16:46:10.000Z",536870913,"2386116998944","656519b42495588def2fc68503efc4c29799f1409fbeae71f3b4f1bcd8b6a6de","Multiple","03bb46060004bb61335704ad49b90f0c1fc8485731730000000000000a636b706f6f6c0d2f4b616e6f202f4245424f502f","api.kaiko.com"
"25","000000000000000000e8ec6c35322d7431a469972a8a2dd7f70e88b3bf37898e",56167143,"2320112287204",403024122,"194254820283","2500000000",2776,999810,411324,"2016-05-11T16:59:03.000Z",4,"2320112287204","74528e41378fa5904b0b35c2357eee3c38bb87f4812e82721995887d610b955f","1KFHE7w8BhaENAswwryaoccDb6qcT6DbYY","03bc460637e4b883e5bda9e7a59ee4bb99e9b1bce4bf98c96220c0088cca6d05aece84714341141a51254f0f25afa501bd5cc64d04000000f09f909f154d696e656420627920613138373337353733333333000000000000000000000000000000000000","api.kaiko.com"
"26","0000000000000000028c158b1f64e7d3924c50efc0726f382c4c3dc33eb53030",28296339,"1019260499561",403024122,"194254820283","2500000000",1989,998110,411325,"2016-05-11T17:00:55.000Z",4,"1019260499561","6bfff97b7ef58c209eb0ed4ca98f6bc134199b265b029f07c88e1b2f6c861f7f","1CK6KHY6MHgYvmRQ4PAafKYDrg1ejbH1cE","03bd4606fabe6d6dfddeeca0d87ea0eb9fbeb2323bebf2bb5de6affa3387e12fffca8f6034dc5a7d0100000000000000016506001394657a1b0400d0a2032f736c7573682f","api.kaiko.com"
"27","00000000000000000113d30ba22de18d2b1883c2f78fd41c6275e8717cbf18db",58991310,"2293401320506",403024122,"194254820283","2500000000",2550,989163,411326,"2016-05-11T17:20:15.000Z",536870913,"2293401320506","f80ac6312d0d857ece00e3ba79cea9e2ad7171405abfafa5bf8129078d4b474d","152f1muMCNa7goXYhYAQC61hxEgGacmncB","03be46061d83708909a60f48770ae00025016c2b0400202f425443432f000000000000000000000000000000000000000000000000000000000000000000000000000000000000000000000000000000000000","api.kaiko.com"
"28","000000000000000003b80aabdb73cb9efcde02c23065b7deb6f7e1bdbde12b30",71456614,"2548489603040",403024122,"194254820283","2500000000",2891,998069,411327,"2016-05-11T17:44:32.000Z",536870913,"2548489603040","292401cc891397ad45d1978f4671ff95197ea66cff014e8da1ecde413f5c400d","1BQLNJtMDKmMZ4PyqVFfRuBNvoGhjigBKF","03bf460600047c6f33570492eb390c086460498bdf19005c0a425720537570706f727420384d200a666973686572206a696e78696e092f425720506f6f6c2f","api.kaiko.com"
"29","0000000000000000036d52da20e86589fb18a1a7f9ac016ea396fd42df7f7a65",41532501,"1664247867450",403024122,"194254820283","2500000000",2285,989191,411328,"2016-05-11T17:52:07.000Z",536870913,"1664247867450","1d0e5c0ecfb543010dbb9e5063fc794d19667a908cb4b2bc76b20169e5ff1d48","152f1muMCNa7goXYhYAQC61hxEgGacmncB","03c04606f6cd43c509559963280b68006e29fb140f00202f425443432f000000000000000000000000000000000000000000000000000000000000000000000000000000000000000000000000000000000000","api.kaiko.com"
"30","000000000000000004b25859799ef003d7114155e17fe83f134d016f6d7a97eb",348304,"4067834351",403024122,"194254820283","2500000000",18,4168,411329,"2016-05-11T17:52:28.000Z",4,"4067834351","2d9784eecea4c978294b00b375eab538249459a23a8d9f45509cd40990fc57d4","15urYnyeJe3gwbGJ74wcX89Tz7ZtsFDVew","03c146061e4d696e656420627920416e74506f6f6c20736331200edc51c5205733715c11010000a1290000","api.kaiko.com"
"31","0000000000000000031dd6f22fa8dabeb2a8c5343158c16e4ea20bda374ab69e",98622192,"2867879662188",403024122,"194254820283","2500000000",3192,998201,411330,"2016-05-11T18:17:30.000Z",4,"2867879662188","69bba036268fb4b2737b89b3a63e89e96872d63feee390a6fb3ba88f4593dd9a","1Ebb8NfVmKMoGuMJCAEbVMv2dX8GnzgxSa","03c246061f4d696e656420627920416e74506f6f6c20757361322011bae02f205733773a023600001d8f2a00","api.kaiko.com"
"32","000000000000000002cc7b24fb1adb3739358d4829b4e21fc95d35acd96c0802",31722548,"944065266296",403024122,"194254820283","2500000000",2355,999919,411331,"2016-05-11T18:18:42.000Z",4,"944065266296","423d39672562bd7c0971395e1ae80a66998e87d0bfd569cb5a54c2cb55a9147f","1KFHE7w8BhaENAswwryaoccDb6qcT6DbYY","03c3460637e4b883e5bda9e7a59ee4bb99e9b1bc795fc94c0afbf8ff2b3d1da82131dac12a45900a0400d37a447e87cbd7415c8d04000000f09f909f0f4d696e6564206279206c786e647368000000000000000000000000000000000000000000000000","api.kaiko.com"
"33","0000000000000000038ef3adbe05877fb3d4698cd1c4288e044a875132dc1a18",20809176,"196548490928",403024122,"194254820283","2500000000",1151,989176,411332,"2016-05-11T18:19:21.000Z",536870913,"196548490928","a99282aedf3ec9bc908a65b103f51a275a17ce21c34640ff0685f8b0547f7444","152f1muMCNa7goXYhYAQC61hxEgGacmncB","03c446061bbf39190948d24c250730006e43f94300c5202f425443432f000000000000000000000000000000000000000000000000000000000000000000000000000000000000000000000000000000000000","api.kaiko.com"
"34","0000000000000000029b399af0b88693c306dfe0f4a6c6dfb34d091573ccb4d4",32578622,"1204751611601",403024122,"194254820283","2500000000",1629,998168,411333,"2016-05-11T18:26:44.000Z",536870913,"1204751611601","a210d7513f8a6433a9270df0e495a6952d8be3def6ba0609223c4bbcb9d50072","155fzsEBHy9Ri2bMQ8uuuR3tv1YzcDywd4","03c5460600046179335704a58a37330c5b293257182f32570000002b0a636b706f6f6c182f426974436c7562204e6574776f726b2f5345475749542f","api.kaiko.com"
"35","000000000000000002132c54f28c9c3166b6c10acc1c7e3e40dc30d14b8bb87c",30857175,"997737323770",403024122,"194254820283","2500000000",1450,998021,411334,"2016-05-11T18:35:01.000Z",536870913,"997737323770","9e66ee4fb6dc6e4ab346d31a15146d02c436c1de13df29dbc39d0d9dd61bba4b","1DrK44np3gMKuvcGeFVv9Jk67zodP52eMu","03c64606044e7b33570828000033001082d9102f426974467572792f5345475749542f","api.kaiko.com"
"36","0000000000000000009eaaa171a993e931113ec84b0fb5ce76c53a8237e016ca",51390010,"1812329034837",403024122,"194254820283","2500000000",2524,998180,411335,"2016-05-11T18:51:01.000Z",536870913,"1812329034837","01de29264441ba7bb7fb48ab9d6207d0c5863c57c214a44ffe1d0bbdbc7fb500","Multiple","03c74606","api.kaiko.com"
"37","000000000000000000337d91d20cf5beb643c9d062ba8c8f69f31f8ac5091112",595619,"16889881148",403024122,"194254820283","2500000000",14,4179,411336,"2016-05-11T18:51:29.000Z",4,"16889881148","8ecf5d28c4ea2b65ae74bfa3ab6107a8284cba848caa19840ce5a065a5b397bf","15urYnyeJe3gwbGJ74wcX89Tz7ZtsFDVew","03c84606204d696e656420627920416e74506f6f6c20626a313220394a50f72057337f31022f22000031230100","api.kaiko.com"
"38","000000000000000005a89595a6caa9aaa8e753d50b6d04bc236f6fb163903135",25157862,"1078654989812",403024122,"194254820283","2500000000",1667,999962,411337,"2016-05-11T18:56:16.000Z",4,"1078654989812","4c4952a618add6621c8980cce94a45092bff858544056c194e267c36b0941b1b","1KFHE7w8BhaENAswwryaoccDb6qcT6DbYY","03c9460637e4b883e5bda9e7a59ee4bb99e9b1bce2ae50863d58a185ba6e8c900094d190ac024f5bb133ce5ea3fb3dd66686e3a004000000f09f909f0d4d696e656420627920627273350000000000000000000000000000000000000000000000000000","api.kaiko.com"
"39","000000000000000002ce645503f786cc970112d9e3cc98ba1b9ef71dcf73c884",24405839,"490413540643",403024122,"194254820283","2500000000",1052,998125,411338,"2016-05-11T19:01:27.000Z",536870913,"490413540643","0536b39da095ce69d661544c64d9d073f102c094e4f1751d09c9375093db1fdd","1DrK44np3gMKuvcGeFVv9Jk67zodP52eMu","03ca460604798133570828000061000aaa34102f426974467572792f5345475749542f","api.kaiko.com"
"40","000000000000000001d997cff8dfca7066898c43bb7ef26c76f3d0b01c681a65",14266743,"186353166097",403024122,"194254820283","2500000000",1070,998206,411339,"2016-05-11T19:03:34.000Z",4,"186353166097","d5505761c3658a7aaa9bf920e8dd5d71a5ad0976447c96fccfeacbb6d0caea26","1Ebb8NfVmKMoGuMJCAEbVMv2dX8GnzgxSa","03cb46061f4d696e656420627920416e74506f6f6c20757361322011bae02f2057338206e2200000a7720100","api.kaiko.com"
"41","000000000000000002e46ec6f7deb0ccdedd34e3868f18d811913f7aba05816b",13191307,"263766973394",403024122,"194254820283","2500000000",440,998030,411340,"2016-05-11T19:05:15.000Z",536870913,"263766973394","eb09227cb0f08fc2f0696652a37be42bf2e07af5b01cedf75c95040c60db73a2","1FeDtFhARLxjKUPPkQqEBL78tisenc9znS","03cc460604628233570867fff17a00030343102f426974467572792f4249503130302f","api.kaiko.com"
"42","00000000000000000074aaa60a963dbf9af45ccbe992c4ab09262105d46116c6",19646267,"475152227037",403024122,"194254820283","2500000000",1165,810448,411341,"2016-05-11T19:11:19.000Z",4,"475152227037","cf287a52cb6f9df430e99dc286852bd018dce6e351903ec95b3cf3365cd139bc","1KFHE7w8BhaENAswwryaoccDb6qcT6DbYY","03cd460637e4b883e5bda9e7a59ee4bb99e9b1bc2d071465a4054976c2033fdc9561e00ac8611eaa191f64a4d6086c83ccc95ed504000000f09f909f114d696e656420627920657a6d696e67736800000000000000000000000000000000000000000000","api.kaiko.com"
"43","000000000000000002a1b9a53f553fc2fe40bb782e213e5f598232bc2a6e3c77",3013779,"165493008516",403024122,"194254820283","2500000000",184,72669,411342,"2016-05-11T19:12:30.000Z",4,"165493008516","44a7874378e0d52c201b3ba068a43dd482d505691e2e465a0c79e9d0d158ee11","1KFHE7w8BhaENAswwryaoccDb6qcT6DbYY","03ce460637e4b883e5bda9e7a59ee4bb99e9b1bcf1bf3a457c682c9917f105b539758f024543756ac418960c43aed04c1480150a04000000f09f909f0d4d696e6564206279206c6970630000000000000000000000000000000000000000000000000000","api.kaiko.com"
"44","0000000000000000013de22cf145151f596917d78d7af95afa6092767d9208ee",28107990,"1155371466844",403024122,"194254820283","2500000000",1333,997369,411343,"2016-05-11T19:20:34.000Z",536870913,"1155371466844","6b6e507cc30a1146247f470917b2ad2a5346fe01559d834302b772b5c8ffc575","1DrK44np3gMKuvcGeFVv9Jk67zodP52eMu","03cf460604e9853357082800012406040897102f426974467572792f5345475749542f","api.kaiko.com"
"45","00000000000000000304c49f0e3c3dce67e7a1f3829f20716dff8a29fd6a1ebb",13101876,"634908251459",403024122,"194254820283","2500000000",842,335716,411344,"2016-05-11T19:25:19.000Z",4,"634908251459","b3ebe9ab98306a47e1de5ebeb612e05ea5c9c66f718256d6623832dfe3661abf","1CK6KHY6MHgYvmRQ4PAafKYDrg1ejbH1cE","03d04606fabe6d6d64ac3879c7212a8d9c68e968f50f5cfb213c86090e2d53d9ff3b128203768c5201000000000000000265080016b62c23f3f809dca8032f736c7573682f","api.kaiko.com"
"46","00000000000000000183c7903967fb72623076582f7f3cf6748cd49d3ec2465f",69868813,"2259198814835",403024122,"194254820283","2500000000",3052,998073,411345,"2016-05-11T20:02:33.000Z",4,"2259198814835","3a58d3191fd7fedb3e7c22df333c6503e1f9f3a35789368c6de077404b7e8f83","15urYnyeJe3gwbGJ74wcX89Tz7ZtsFDVew","03d146061e4d696e656420627920416e74506f6f6c20626a36202bcabe152057338fd9ee070000ab764a00","api.kaiko.com"
"47","000000000000000002e7a2f0ca84fc46a8c5bb0504f928bda82cb0b63a8e7452",51831594,"2434528828074",403024122,"194254820283","2500000000",2716,998231,411346,"2016-05-11T20:18:30.000Z",4,"2434528828074","205fc9484153745337cdf4edd79e6eeb571ca54c7169189791fb94ced095469e","1CK6KHY6MHgYvmRQ4PAafKYDrg1ejbH1cE","03d24606fabe6d6d35e0e56cf42bc9631939010b6b89ebddb0dcc4b2f67cb97be2fd5bccd5bba24501000000000000002165080010a3b4f4b20000c4bf032f736c7573682f","api.kaiko.com"
"48","000000000000000004279255e552915e1cdcb7b02715ff4273e5018308930528",48893019,"1735548334902",403024122,"194254820283","2500000000",2724,998014,411347,"2016-05-11T20:36:49.000Z",536870913,"1735548334902","1a1891a90a304606a0ac204bb3e4cd07e5b8be3e4afc8b083c9aa44ae4a27464","1DrK44np3gMKuvcGeFVv9Jk67zodP52eMu","03d3460604c797335708280000a3000f22e8102f426974467572792f5345475749542f","api.kaiko.com"
"49","000000000000000004563e834a108a7b2bc054e86ced2f0365375a1a3985852e",39597961,"1549986251125",403024122,"194254820283","2500000000",2307,998160,411348,"2016-05-11T20:48:02.000Z",4,"1549986251125","5fea527dcec6c41ce08f3636783e6f9328bbaf83ec82454fedc4ee74f822e913","15HCzh8AoKRnTWMtmgAsT9TKUPrQ6oh9HQ","03d446061f4d696e656420627920416e74506f6f6c20757361312022fadf012057339a82943600009ae61300","api.kaiko.com"
"50","000000000000000004cbc2b30f1cc47a2abb64c5fb3aa9b39c6df13c3ad98ed5",25883511,"641424120474",403024122,"194254820283","2500000000",1493,998061,411349,"2016-05-11T20:52:29.000Z",4,"641424120474","eb63178289281a363b4a47c5f98aca880d4decbe4f4f59c968ac8b6ffa038e72","15urYnyeJe3gwbGJ74wcX89Tz7ZtsFDVew","03d546061e4d696e656420627920416e74506f6f6c2073633020334127372057339b8ddd1b000064bc0700","api.kaiko.com"
"51","0000000000000000032f65bf9c8b9839808eb2032567dcb138352ec6b780b66b",55047201,"1774396292689",403024122,"194254820283","2500000000",2891,998051,411350,"2016-05-11T21:15:48.000Z",4,"1774396292689","6268070dacb4b1369b83646b928c19f3c9671fa1e28e25b67305de0312e2f817","1PE7LXcntsLvavM2KXpJGNu51UbDhC3u63","03d646061e4d696e656420627920416e74506f6f6c20626a3020201a5355205733a104fd05000056bf2f00","api.kaiko.com"
