"","time","height","hash","size","branch","reward","fees","value","difficulty","total_out","tx_hash","version","generationAddress","script_hex","API"
"1","2016-05-04T14:02:23.000Z","410200","000000000000000005ed69e59bd7ab2a870842e9f27f80019d21530ce74f411e","998194","main","2500000000","52296236","2173550414436","178659257772","2173550414436","af09d55da48ab4c8d79251c4c3878785119d9b4592e8601192b23624e3ccda6d","4","1Ebb8NfVmKMoGuMJCAEbVMv2dX8GnzgxSa","035842061f4d696e656420627920416e74506f6f6c20757361322011bae02f20572a00c12d0f0000fecc0000","api.kaiko.com"
"2","2016-05-04T14:06:11.000Z","410201","000000000000000005ad3be003999a60b6aca2896753d6d4fdd6d63878030d8e","878713","main","2500000000","25624417","944809065111","178659257772","944809065111","ff453d9ea06eff1b5e13315f9053c27a44563a7e8cf7131e640bb6068fe285b9","536870912","1BQLNJtMDKmMZ4PyqVFfRuBNvoGhjigBKF","035942060004d3012a5704e1c94c1408e1b3ced13a9c02000a425720537570706f727420384d200a666973686572206a696e78696e092f425720506f6f6c2f","api.kaiko.com"
"3","2016-05-04T14:13:02.000Z","410202","000000000000000005e2bd47f34b8ff5ecf3ff42ef485921a2246c3ad1b094b3","781293","main","2500000000","26646764","1770072500986","178659257772","1770072500986","033d85b85261837b2e286f22ed4b0013e21ba191a1c3ad980db87962565017bd","4","1Ebb8NfVmKMoGuMJCAEbVMv2dX8GnzgxSa","035a42061f4d696e656420627920416e74506f6f6c20757361322011bae02f20572a036e59260000cc1f0e00","api.kaiko.com"
"4","2016-05-04T14:41:54.000Z","410203","0000000000000000026b49fc26b9a8d7ec6740799f5019956749685c88f42ed6","999911","main","2500000000","71819809","3070165574659","178659257772","3070165574659","2bad9e0329749f9bbe4d6f2c61dc64465482efa7922fe66965d8ebdd39831eee","4","1KFHE7w8BhaENAswwryaoccDb6qcT6DbYY","035b420637e4b883e5bda9e7a59ee4bb99e9b1bc77879b586b0b58593df981933a7cdcea1893ef9fc2faea1ddd3b8671185c0f7a04000000f09f909f104d696e6564206279206a696c69616e670000000000000000000000000000000000000000000000","api.kaiko.com"
"5","2016-05-04T15:06:07.000Z","410204","000000000000000002d120c02b18a9f9dd6a0fa6133c4412de9a88c9dcdefda9","999850","main","2500000000","66800476","2779706333677","178659257772","2779706333677","a036b71f64ec772adcb96bdaec75aacaf3285ea9d6388c136b3c124c16413ca1","4","1KFHE7w8BhaENAswwryaoccDb6qcT6DbYY","035c420637e4b883e5bda9e7a59ee4bb99e9b1bcd67ef2bd33f5b3c6854468fce099320cc0c283ca2ce44c1c35a14f1e83ed601d04000000f09f909f134d696e65642062792068616f6274636b6473350000000000000000000000000000000000000000","api.kaiko.com"
"6","2016-05-04T15:17:20.000Z","410205","00000000000000000312c63ead01cb466e53cf6bb7ebf4bc0b5c0fe954af6ba5","998202","main","2500000000","45072187","2107756594313","178659257772","2107756594313","8b0f6fd822a9a99add23d1fb4beac48fd8ac93dc09c0d0346bbe7ea64291b448","805306368","1CK6KHY6MHgYvmRQ4PAafKYDrg1ejbH1cE","035d4206fabe6d6d80f917de77cf03df8ce2d1942a248b90cea54336a2cf43d831728de9366d84d6010000000000000002650500024614d1e505009f9d012f736c7573682f","api.kaiko.com"
"7","2016-05-04T15:18:27.000Z","410206","0000000000000000023f7079b314a23f2a6e0ea1667864696c20e8ea2fcb385c","266","main","2500000000","0","2500000000","178659257772","2500000000","d16d9959fdb4203b7bbea3ded90fe252db209573120eeaa48fc7abb020b7c258","4","1KFHE7w8BhaENAswwryaoccDb6qcT6DbYY","035e420637e4b883e5bda9e7a59ee4bb99e9b1bcffe97791b4b6d62cb9c76038e1368c21424dc6d1db7e8e40fb36dc31c533fb8404000000f09f909f134d696e6564206279206c656e6773697875616e0000000000000000000000000000000000000000","api.kaiko.com"
"8","2016-05-04T15:22:46.000Z","410207","000000000000000003481c25acad9397b45baac3bc0fef192d4a469a63363d16","999934","main","2500000000","40679046","2749789192408","178659257772","2749789192408","57809e1a0327aa966758284fab102912973367c06ad44401e22e9770ec4c520b","805306368","1KFHE7w8BhaENAswwryaoccDb6qcT6DbYY","035f420637e4b883e5bda9e7a59ee4bb99e9b1bc4a507f041859b3c8c1bb49de28e1999f16b49a67947094a3659d53e6b95fa07304000000f09f909f134d696e656420627920737570657273757065720000000000000000000000000000000000000000","api.kaiko.com"
"9","2016-05-04T15:28:42.000Z","410208","00000000000000000234618aeb98056858fd8cf96de329e0b522e969a7553b02","989090","main","2500000000","38630504","2648191393627","178659257772","2648191393627","debf992f9040f0b132ff88e0d498322ec5375a23b02a226d54b5ee3a14138149","536870912","152f1muMCNa7goXYhYAQC61hxEgGacmncB","0360420675f311b4097a87181d036801215f0b850b00202f425443432f000000000000000000000000000000000000000000000000000000000000000000000000000000000000000000000000000000000000","api.kaiko.com"
"10","2016-05-04T15:39:16.000Z","410209","000000000000000003700457d281b5d380e84c6cd1bf96bc61221c3f5fea6672","999750","main","2500000000","50375147","1856465941949","178659257772","1856465941949","68009bb309560c5b73ff5606c9def90ddbb0cc115ec4104ed5cf2970eb7fa9b1","4","1KFHE7w8BhaENAswwryaoccDb6qcT6DbYY","0361420637e4b883e5bda9e7a59ee4bb99e9b1bced351658505b68f443e18264e3f71789359000948a1c334ce52504b0e1cd3dde04000000f09f909f124d696e656420627920613835383635353636000000000000000000000000000000000000000000","api.kaiko.com"
"11","2016-05-04T15:52:11.000Z","410210","00000000000000000242850e0595c6c774038a122fda4334d551d87efcef16db","999964","main","2500000000","59289167","1962096898011","178659257772","1962096898011","dd6e4d2f6b40b490c899bcea5e2ae7f11d8f4ddf31ef6a266bc58fa64faed24e","4","1KFHE7w8BhaENAswwryaoccDb6qcT6DbYY","0362420637e4b883e5bda9e7a59ee4bb99e9b1bc11cef7c2d82548669e3e9f2d061cc63be753bc5ec478bff0fbe6fddc220e5df004000000f09f909f0c4d696e656420627920637367000000000000000000000000000000000000000000000000000000","api.kaiko.com"
"12","2016-05-04T16:03:47.000Z","410211","000000000000000002e73fbd93dca18ae56b4ac81a96ab4d7b7650630a11589a","989199","main","2500000000","51373394","1942362443047","178659257772","1942362443047","de15554555cd2b29bd17c94b719deda57696c12db91841596a8057b83f2d2dc0","536870912","152f1muMCNa7goXYhYAQC61hxEgGacmncB","036342067d9cf9e7091a821579041002266e7f2c0086202f425443432f000000000000000000000000000000000000000000000000000000000000000000000000000000000000000000000000000000000000","api.kaiko.com"
"13","2016-05-04T16:19:00.000Z","410212","000000000000000000fd9f42dca2e32160eca619e20e27f7635dc1a5441c11f9","998114","main","2500000000","69336197","4427943584484","178659257772","4427943584484","9d7abff259a9a67b3b84eaa388b75a8e54fe0dd4571b342c6b7919ca5c2304ad","4","1Ebb8NfVmKMoGuMJCAEbVMv2dX8GnzgxSa","036442061f4d696e656420627920416e74506f6f6c20757361322011bae02f20572a20f4e6220000e05d0900","api.kaiko.com"
"14","2016-05-04T16:44:21.000Z","410213","0000000000000000019075f0806a89736c466b5d89c772cfb51a57c8539fa96a","989128","main","2500000000","48318202","2212076367412","178659257772","2212076367412","82fc80e1e14fcf7b0b0bc77921e733409de38cfc217a2148ec3dc6815e17473a","536870912","152f1muMCNa7goXYhYAQC61hxEgGacmncB","03654206fbecffe2091a82170a01180217d60000000f202f425443432f000000000000000000000000000000000000000000000000000000000000000000000000000000000000000000000000000000000000","api.kaiko.com"
"15","2016-05-04T16:35:03.000Z","410214","0000000000000000000c138e27502082e34a935ac6859fbb77d63ad031c77f95","205","main","2500000000","0","2500000000","178659257772","2500000000","d2c288b60a30dc5121a0f4adea8f0df5224c288605c7ee70a099b08a6e7d4980","805306368","1Mpce11eUTuP9mxyDixdFbJzPrdNEJkgB4","036642061a4b6e434d696e6572422d5031efde43486549963e572a249c30019a040000affd9e00","api.kaiko.com"
"16","2016-05-04T16:42:44.000Z","410215","0000000000000000001f703f738c41f52d1e25b9e7839a4f646adfc72cf81878","999945","main","2500000000","47146593","1653768497312","178659257772","1653768497312","5cc8fc870548f4de0fd9060d6e39c6dde1516f65f9dd1b3ff0c38e860e9cc648","4","1KFHE7w8BhaENAswwryaoccDb6qcT6DbYY","0367420637e4b883e5bda9e7a59ee4bb99e9b1bc217963ccf7252b0cc43f12cfa6702167bc9675b50fc9f3f6b2db8c58dbb4667804000000f09f909f144d696e65642062792068616f6274636d6c73733700000000000000000000000000000000000000","api.kaiko.com"
"17","2016-05-04T16:44:11.000Z","410216","000000000000000005d7b5b579df2eefc47129169b0f8f87b5d65777ce85df82","998037","main","2500000000","25394279","2250373265636","178659257772","2250373265636","0d1460c4fbd0e40e1d2c4d74e43e2c92d55fa4ee89ab3b8250ffcca0f1bc0fa8","4","1CK6KHY6MHgYvmRQ4PAafKYDrg1ejbH1cE","03684206fabe6d6d6f376f2fe440e475d901628c9c13586ef579367dc297663f1caad50b8865c5f50100000000000000236802002a1a203012a6067469082f736c7573682f","api.kaiko.com"
"18","2016-05-04T17:04:38.000Z","410217","0000000000000000034681771bcdfc1434ce0a12b8d6b8a2b71fcc6429a29a48","989095","main","2500000000","61021048","2364208269785","178659257772","2364208269785","9a860adbddcf057af56fb789e38f8b57a907662c8810779119846b0a03bf8519","536870912","152f1muMCNa7goXYhYAQC61hxEgGacmncB","036942067dac4a87096b00e5a803600207b9af160500202f425443432f000000000000000000000000000000000000000000000000000000000000000000000000000000000000000000000000000000000000","api.kaiko.com"
"19","2016-05-04T17:19:20.000Z","410218","000000000000000001f6f109328a50b1a94f41ffb5915b59f7d5579bbbda06fb","998206","main","2500000000","53610629","2196155264003","178659257772","2196155264003","473cef670bba3b69ec3db2e153c6112ce5948d989df94f084c652812a328cc4f","536870912","1BQLNJtMDKmMZ4PyqVFfRuBNvoGhjigBKF","036a42060004192f2a5704724a1b0608888b59da290a1d000a425720537570706f727420384d200a666973686572206a696e78696e092f425720506f6f6c2f","api.kaiko.com"
"20","2016-05-04T17:29:59.000Z","410219","000000000000000003ad3b5ca66c520cd141418960e0fe05f7ddb0bf5f5e952d","997374","main","2500000000","39328820","1459153885253","178659257772","1459153885253","9c53fc85927a6f2e760140c82f8219bdef9a78210e8e0b6752587209650d7866","536870912","1BQLNJtMDKmMZ4PyqVFfRuBNvoGhjigBKF","036b4206000493312a5704e6a88727085e37ced1e82a00920a425720537570706f727420384d200a666973686572206a696e78696e092f425720506f6f6c2f","api.kaiko.com"
"21","2016-05-04T17:52:29.000Z","410220","000000000000000001846c3723839fac00622cf5bac72be655f121d2130c13fd","998020","main","2500000000","59799451","5757883837616","178659257772","5757883837616","3c51545d1317479903e1a9e85fb09b1198b44c53da23ce77a99b7ea1f26d5648","536870912","1DrK44np3gMKuvcGeFVv9Jk67zodP52eMu","036c420604c1362a570828000033000bb6c4102f426974467572792f5345475749542f","api.kaiko.com"
"22","2016-05-04T17:59:19.000Z","410221","0000000000000000013fb74a21fe6aae6bd9e2f4f90b077c2d6c175f8d91af6e","999909","main","2500000000","37473328","1098849445819","178659257772","1098849445819","4ffb7102f59f663f34473129cd0940fda58c52a165a8d18bff4691c5ced91817","4","1KFHE7w8BhaENAswwryaoccDb6qcT6DbYY","036d420637e4b883e5bda9e7a59ee4bb99e9b1bc6a58feef570ae5ee010d1218ceb330866b5c9d09a7e661646b2ca385b0b7f6f404000000f09f909f0e4d696e656420627920687864776c00000000000000000000000000000000000000000000000000","api.kaiko.com"
"23","2016-05-04T18:01:59.000Z","410222","0000000000000000045614e4901f822a86e4015543acc6a68653cc9450f0f330","988798","main","2500000000","25243699","612121548118","178659257772","612121548118","a8eb41d1947f95ddf38e5c9db1503024c3644e895b8f84c259b10018307d9cbf","536870912","152f1muMCNa7goXYhYAQC61hxEgGacmncB","036e4206f6344662095c7c7beb01f00204850e690000202f425443432f000000000000000000000000000000000000000000000000000000000000000000000000000000000000000000000000000000000000","api.kaiko.com"
"24","2016-05-04T18:20:50.000Z","410223","000000000000000000b470496bc323591845291b7009ca95c5dce17b95537fb7","998139","main","2500000000","77800568","1619552732787","178659257772","1619552732787","43acad51788e180a3e136945adf5806fa7e228081aac4711246c0822e472c5a3","4","1CK6KHY6MHgYvmRQ4PAafKYDrg1ejbH1cE","036f4206fabe6d6d745a8b8adee2f5debde9475124df8d6eb5260778de3e155301ac6c23ded0634101000000000000000165070007eb7ea33a050043a7012f736c7573682f","api.kaiko.com"
"25","2016-05-04T18:23:23.000Z","410224","0000000000000000006bc91b86a8fa7e7bc3d154bb7cc5cb1d6b51c6f46e4096","989219","main","2500000000","24115064","587520030027","178659257772","587520030027","a96c7c48c1c4cd6edcca28da4fa319302e6998cc39295c976a0c33fe7c769fdb","536870912","152f1muMCNa7goXYhYAQC61hxEgGacmncB","03704206285bf655096d0a8f0303a00261552c1200b0202f425443432f000000000000000000000000000000000000000000000000000000000000000000000000000000000000000000000000000000000000","api.kaiko.com"
"26","2016-05-04T18:23:34.000Z","410225","0000000000000000030b9f8cc147646cae31e46edcc944ee5d6bfa900e88dab6","229","main","2500000000","0","2500000000","178659257772","2500000000","f4455638c6316f973e54df2c7a48034585fd80c1218656cf2303a266ed839c4d","536870912","1BQLNJtMDKmMZ4PyqVFfRuBNvoGhjigBKF","037142060004273e2a5704961f650308ea8ad494350f00000a425720537570706f727420384d200a666973686572206a696e78696e092f425720506f6f6c2f","api.kaiko.com"
"27","2016-05-04T18:37:16.000Z","410226","00000000000000000437a8fb4b79d6b5e29016ce8a8487c74c44b91b5084d924","999990","main","2500000000","46474791","1352737499636","178659257772","1352737499636","52102abcb45a90975ab7092d886a42050f1a87046474c93e0317c9f9216622aa","4","1KFHE7w8BhaENAswwryaoccDb6qcT6DbYY","0372420637e4b883e5bda9e7a59ee4bb99e9b1bc0d9ca5c3821a0acf062cf92c2e60406b816f304608d1412e2d9cb28fa0e21b5604000000f09f909f114d696e656420627920737732303036353700000000000000000000000000000000000000000000","api.kaiko.com"
"28","2016-05-04T18:37:57.000Z","410227","00000000000000000066ec116d077ff5f3ef5da7b6c4805b4c58146459809ea9","998132","main","2500000000","20379810","325986755871","178659257772","325986755871","9d11a197851b86cabc8e023303c947bfb94a50a428615c13043e4eb08e30c232","536870912","155fzsEBHy9Ri2bMQ8uuuR3tv1YzcDywd4","0373420600047e412a5704faf453170c732708571885275700060c840a636b706f6f6c182f426974436c7562204e6574776f726b2f5345475749542f","api.kaiko.com"
"29","2016-05-04T18:46:00.000Z","410228","000000000000000003ea07b063db0e19e8af07b69a309676825eb3e95e5272e6","917799","main","2500000000","35677527","864233263207","178659257772","864233263207","7ee157ff7bea03eae4000371c6d02c39642364ba455b0ca1c2ddd736ff478c8b","805306368","1Mpce11eUTuP9mxyDixdFbJzPrdNEJkgB4","03744206184b6e434d696e6572422d5031efde43486549963e572a439af60400006bc01301","api.kaiko.com"
"30","2016-05-04T18:52:35.000Z","410229","0000000000000000008c8cc2ae5340ec303c13a71090d9b37f45c81b17ebdad1","997855","main","2500000000","25330709","1241675613437","178659257772","1241675613437","6a579b2582ca5853298d374855e27d9995d2427a66bfb9b909fa3e7ac05e9640","4","15urYnyeJe3gwbGJ74wcX89Tz7ZtsFDVew","037542061f4d696e656420627920416e74506f6f6c20626a3133200028768d20572a44f30a25000053bd0900","api.kaiko.com"
"31","2016-05-04T18:53:08.000Z","410230","000000000000000004dd8db06ec5dbb14898552c835969280eaa717176186c5f","998038","main","2500000000","13817576","200836811567","178659257772","200836811567","efc69a315e4ed2ce5a7ee4c433127178bc3b73defde4dccc591e0d38f53ad840","4","1CK6KHY6MHgYvmRQ4PAafKYDrg1ejbH1cE","03764206fabe6d6d68e6cf7fba40e72cb7e5384c6c1c144fba97d042f29acc5366272cd2641548f901000000000000002165080006914f000104c4ecbb012f736c7573682f","api.kaiko.com"
"32","2016-05-04T19:03:48.000Z","410231","00000000000000000490f9b00cb8eb96500e5f9bd4780dfe39cdb0b5ae25f63e","934447","main","2500000000","30596191","1032870221968","178659257772","1032870221968","64eb33dff3a702bfc93d66a6a8f18d92db725c6aabec038cc69da3189f3bc3d5","805306368","1Mpce11eUTuP9mxyDixdFbJzPrdNEJkgB4","037742061a4b6e434d696e657242332d503180d6b8b105a275ef572a474e01210a0000b9702d03","api.kaiko.com"
"33","2016-05-04T19:15:52.000Z","410232","0000000000000000026eff2698ad1bf63848b3b1a01796f4d2cda0afbfb4b301","998117","main","2500000000","44782287","1637533587372","178659257772","1637533587372","734c75427c6e99ec7ccacc0a97c8130aeb63e428acf9b0ff9d227bc42becd479","4","1Ebb8NfVmKMoGuMJCAEbVMv2dX8GnzgxSa","037842061f4d696e656420627920416e74506f6f6c20757361322011bae02f20572a4a68970a000086441500","api.kaiko.com"
"34","2016-05-04T19:23:51.000Z","410233","0000000000000000049fd3f53d6a13deeb49b72f6f93eba3f4b990da6a09bb60","999986","main","2500000000","39131641","537475330328","178659257772","537475330328","9f9c6f010838d16b298b94896173917ece0d86698b22d1ce279eb51539ef1837","4","1KFHE7w8BhaENAswwryaoccDb6qcT6DbYY","0379420637e4b883e5bda9e7a59ee4bb99e9b1bcc105593ede4bdcf2df822b13575d3358450561836dcbfab6f5e65b3809a7171e04000000f09f909f164d696e6564206279206761696e626974636f696e31300000000000000000000000000000000000","api.kaiko.com"
"35","2016-05-04T19:53:28.000Z","410234","0000000000000000028a5e7c0e844cadda9792b63fb514bcba3422063a9c5ed9","989202","main","2500000000","74430579","2027889540199","178659257772","2027889540199","6d9a7957f3a4f72d1d07b014eaa1a78ff43cb4996ad51dc56f62d0819791f299","536870912","152f1muMCNa7goXYhYAQC61hxEgGacmncB","037a4206534c53f4091a9cee8a036801c5d25e113a00202f425443432f000000000000000000000000000000000000000000000000000000000000000000000000000000000000000000000000000000000000","api.kaiko.com"
"36","2016-05-04T19:55:35.000Z","410235","000000000000000004062936803a43e7171edb7598ee6e6fd7db573b2af6f4d6","749191","main","2500000000","21543048","868701072684","178659257772","868701072684","ef409d725ce0fe3629ab3fc7c253462c15d7673d761b6b5225b7776eff0f7765","536870912","1E18BNyobcoiejcDYAz5SjbrzifNDEpM88","037b420604bc532a5708380050f9f488e5040b2f42434d6f6e737465722f","api.kaiko.com"
"37","2016-05-04T20:19:29.000Z","410236","00000000000000000394ea9764401d36375cc8e29b307d05304d928e16e22ea9","999953","main","2500000000","62446956","1168309551305","178659257772","1168309551305","3becb20b6457a53357b61b6d394d6bef30b14de60bca9e912280740e4d925c55","4","1KFHE7w8BhaENAswwryaoccDb6qcT6DbYY","037c420637e4b883e5bda9e7a59ee4bb99e9b1bc247c2d678edcd817565d7bd1acd2ddc5edca85a6f26b14e65332ec8ef669d8e804000000f09f909f124d696e65642062792068616f627463786a31000000000000000000000000000000000000000000","api.kaiko.com"
"38","2016-05-04T20:22:56.000Z","410237","000000000000000000b90eadb1c271c1256cee17395d6f525c834780db2fcfec","989159","main","2500000000","28840387","635672692116","178659257772","635672692116","8c07c701ef0f0aa5cfc698200f78867eedd2620a618a190f75a8e12403e2103f","536870912","152f1muMCNa7goXYhYAQC61hxEgGacmncB","037d42066b773ce609c12839ab04980209937aeaccd0202f425443432f000000000000000000000000000000000000000000000000000000000000000000000000000000000000000000000000000000000000","api.kaiko.com"
"39","2016-05-04T20:52:48.000Z","410238","0000000000000000043bb8260bf545173f3dffce5b1e3e43ae9555e20e40167e","998051","main","2500000000","60694917","1950045146336","178659257772","1950045146336","13824b9fa00189cfb4545331473b5099d21147325ce372ecd6506853719c0b04","536870912","1FeDtFhARLxjKUPPkQqEBL78tisenc9znS","037e4206041c612a57084fffaeef00040b33102f426974467572792f4249503130302f","api.kaiko.com"
"40","2016-05-04T21:13:41.000Z","410239","000000000000000000c747fff29f64cb1b0a8dbb2c318fba2780cc75322eb7be","998131","main","2500000000","75264587","1398789251106","178659257772","1398789251106","05274204660613295c4bb9a87ff3f49d2de6352e49b1c44753cb694ea073215e","805306368","1CK6KHY6MHgYvmRQ4PAafKYDrg1ejbH1cE","037f4206fabe6d6d1045f47e746da6a8bd7ad2bd3f284d8c1bc341af79dbf11aa5a4c7e4d59e65ad0100000000000000236805000352be0be82a005eae012f736c7573682f","api.kaiko.com"
"41","2016-05-04T21:14:04.000Z","410240","0000000000000000037e3be1f83d8e1aae5733653e84d88647a0ba6d2f497dec","998140","main","2500000000","27497883","1192840468428","178659257772","1192840468428","7e08766b122d9928ebe8a43385fc8ed5074e8fa2e9f75dbb3640381d7a70d95f","4","15urYnyeJe3gwbGJ74wcX89Tz7ZtsFDVew","038042061f4d696e656420627920416e74506f6f6c20626a35202ff5358e20572a661c017e1100000aec0000","api.kaiko.com"
"42","2016-05-04T21:21:30.000Z","410241","000000000000000000898466ac6ab7a80db695ce2b405133a2911cae12de65e7","999980","main","2500000000","28798098","606267965275","178659257772","606267965275","2d0c530752039f67d14de6121f20dba20180cea4dc15feea30883d64d10eb1e3","4","1KFHE7w8BhaENAswwryaoccDb6qcT6DbYY","0381420637e4b883e5bda9e7a59ee4bb99e9b1bcba2dfe7142685a833d3c597770046c2a08c89647387ddb0bf0579db6fa1744fb04000000f09f909f144d696e6564206279207a68616e6777656938383800000000000000000000000000000000000000","api.kaiko.com"
"43","2016-05-04T21:21:42.000Z","410242","0000000000000000044beae785863a65b29d9ad906a193bd5c278d787e731929","3997","main","2500000000","215567","5959255622","178659257772","5959255622","e3910e2684511c457205f2d3eb2dc5eafe2515e0ff842b89f67d4219d641ac3e","4","15urYnyeJe3gwbGJ74wcX89Tz7ZtsFDVew","038242061e4d696e656420627920416e74506f6f6c20626a36202bcabe1520572a67e6ee0e00004bdf0100","api.kaiko.com"
"44","2016-05-04T21:30:31.000Z","410243","000000000000000004d5ca5ae973dab7a133f722c3556ce3c578de7e366651b0","999828","main","2500000000","30007697","794177928863","178659257772","794177928863","259f4b68328dd4e9e9e8fd3252efc64b2cc5183616675a8800c46797b9f847c8","4","1KFHE7w8BhaENAswwryaoccDb6qcT6DbYY","0383420637e4b883e5bda9e7a59ee4bb99e9b1bcff3b624528c914c4751b9af42c2b3e39bed7b163192b9d50fc23f5db363a9a9304000000f09f909f124d696e6564206279207169616e6461776569000000000000000000000000000000000000000000","api.kaiko.com"
"45","2016-05-04T21:31:13.000Z","410244","000000000000000000af6e8eccdeeb770e3eda1d93f063d471fb2828e1cad831","998070","main","2500000000","9344113","93590165620","178659257772","93590165620","2080d4c0e3e54b0e54c4964766227564dcb1d4c4d311e8f36c0565627b6f36c9","4","15urYnyeJe3gwbGJ74wcX89Tz7ZtsFDVew","03844206204d696e656420627920416e74506f6f6c20626a31342009af605820572a6a2101cf2c0000b6880200","api.kaiko.com"
"46","2016-05-04T21:32:18.000Z","410245","000000000000000004f234e3376e99671a93777039396a465170215f6a2aeca6","999923","main","2500000000","10435996","89085777395","178659257772","89085777395","4c8f234ce3b6ca5a12ea4125e30c27e5cf5e8321ead7c0ecb40c66a5f23851db","4","1KFHE7w8BhaENAswwryaoccDb6qcT6DbYY","0385420637e4b883e5bda9e7a59ee4bb99e9b1bc969dc6903a34afcfffe7088c7a25cde2646f73d94b3c9a780c6785ea262c7d9604000000f09f909f0d4d696e6564206279206a6e73640000000000000000000000000000000000000000000000000000","api.kaiko.com"
"47","2016-05-04T21:37:49.000Z","410246","000000000000000005e4f0a786fdfad9f7e1f9a165bf61394d84c71c23314620","997982","main","2500000000","19805078","394967257100","178659257772","394967257100","48412b2eeef408d4f6578a114b674671ee571085281b40d8f5119b47a7ad34e0","536870912","1DrK44np3gMKuvcGeFVv9Jk67zodP52eMu","0386420604a76b2a5708100000090004813f102f426974467572792f5345475749542f","api.kaiko.com"
"48","2016-05-04T21:41:41.000Z","410247","00000000000000000322953be68e1ec5815ad078221999a1d0af8998ddfd6a8b","667696","main","2500000000","11600336","260379350169","178659257772","260379350169","a2bbf0c2d48f046f8abb28b36564e7ebc28c7b1007de97c5240ad60bb3c19327","4","15urYnyeJe3gwbGJ74wcX89Tz7ZtsFDVew","038742061f4d696e656420627920416e74506f6f6c20626a3131200952812620572a6c95071700007aee0800","api.kaiko.com"
"49","2016-05-04T21:59:30.000Z","410248","0000000000000000060d02efab20994ecb8d25191351c64d774f2d59c77ed675","998161","main","2500000000","41530789","1576145964537","178659257772","1576145964537","7d9b3a15dbcb50fd1a5c5ce3b964d7c2a2dd6d856dcda9d03caf7b92e8bd1833","4","15urYnyeJe3gwbGJ74wcX89Tz7ZtsFDVew","038842061f4d696e656420627920416e74506f6f6c20626a313520107a10ac20572a70c2d80b00006eaf2200","api.kaiko.com"
"50","2016-05-04T22:01:29.000Z","410249","00000000000000000304073a49a41f7d5fbcbf6d236f6eb542c33ab59c76cd6d","172107","main","2500000000","6599480","210385150287","178659257772","210385150287","2a6c445ba5a03912862e0dbaecffb46c89e1a1a7162d8abe3cd533dbf96d96fb","4","1KFHE7w8BhaENAswwryaoccDb6qcT6DbYY","0389420637e4b883e5bda9e7a59ee4bb99e9b1bcb833f79c3c589df9d3c2ae95299193fb078fc403f5aea530c9a5814028504ae904000000f09f909f124d696e6564206279206b696d6a6f6e67756b000000000000000000000000000000000000000000","api.kaiko.com"
"51","2016-05-04T22:12:00.000Z","410250","000000000000000004185dc1b79bb48cb375c18ffa99e7aefa3ba7790571cbca","731505","main","2500000000","25548483","696819011689","178659257772","696819011689","0223449bbc1d759d9a5ac8961573a63cf4bdcf3265ce5273fd208175b099a862","4","1KFHE7w8BhaENAswwryaoccDb6qcT6DbYY","038a420637e4b883e5bda9e7a59ee4bb99e9b1bc3abad93f6477b22e02c1e43cc2de9c169000e63315bb19c59617ae90d919987a04000000f09f909f164d696e6564206279206c69756368616e677368656e670000000000000000000000000000000000","api.kaiko.com"
"52","2016-05-04T22:15:15.000Z","410251","000000000000000004b038d272f3bd2132fd31986ecbe7fb8a83a0d61d27ae5b","539921","main","2500000000","9477312","230520904195","178659257772","230520904195","8ea58d6d5c9166c139fd3f76d7004e93e42788c5134c43c218aeaf98ad365871","536870912","1FeDtFhARLxjKUPPkQqEBL78tisenc9znS","038b42060467742a57080800fd32000601a7102f426974467572792f4249503130302f","api.kaiko.com"
"53","2016-05-04T22:44:49.000Z","410252","00000000000000000588ee1040f6004bbcff138abaa52b707afab2f3037a2f8d","998043","main","2500000000","51335403","2973021400674","178659257772","2973021400674","5876d61dac21d4a4515647d52f1439524576bf7c75cd42c824bdf2e9a87e1f90","4","15urYnyeJe3gwbGJ74wcX89Tz7ZtsFDVew","038c42061e4d696e656420627920416e74506f6f6c20736331200edc51c520572a7b614d1200003af21100","api.kaiko.com"
"54","2016-05-04T22:46:10.000Z","410253","00000000000000000442f95b458045f9276f22ddec5ae3668eefd4f15698f8c3","999771","main","2500000000","19976750","827582388352","178659257772","827582388352","450b423dc08d417b996f692e7c923d67d8e70833e5b482f258a64ab20443f979","4","1KFHE7w8BhaENAswwryaoccDb6qcT6DbYY","038d420637e4b883e5bda9e7a59ee4bb99e9b1bc9301e347851868ff89b1d76b74b3fca7369a96da322de3a44b9046f4f24666b904000000f09f909f144d696e65642062792068616f6274636d6c73733700000000000000000000000000000000000000","api.kaiko.com"
"55","2016-05-04T22:49:54.000Z","410254","0000000000000000053b69e7abd7d7083c8e7cddf4e3acb90cdf09a0dd8b4671","272587","main","2500000000","11783479","589179319690","178659257772","589179319690","96e71466fb522b3a7ab43d4a218b8e56fe4a42aaed0c0942086c79aa4267bdfa","536870912","152f1muMCNa7goXYhYAQC61hxEgGacmncB","038e4206d16f242309a8a2e5a304c00241e2997e0000202f425443432f000000000000000000000000000000000000000000000000000000000000000000000000000000000000000000000000000000000000","api.kaiko.com"
"56","2016-05-04T22:53:47.000Z","410255","0000000000000000014f064aa459a3e88ae72c43ca8691a597f8a4dfde48d6d0","997887","main","2500000000","19123147","770702952815","178659257772","770702952815","b576fbc48b9023579a63389a95a37f7a4381058a22a98b7eeb0c3683dc409b23","536870912","1BQLNJtMDKmMZ4PyqVFfRuBNvoGhjigBKF","038f420600047b7d2a5704c8820d1808b5f2d4947d8208000a425720537570706f727420384d200a666973686572206a696e78696e092f425720506f6f6c2f","api.kaiko.com"
"57","2016-05-04T23:09:47.000Z","410256","000000000000000001dce0a83224ea5f36adb08edc24eeec2aa7a923c51ef0fc","831055","main","2500000000","49527880","1343866591438","178659257772","1343866591438","c351ec010dffc4c85184e374141b6f30dc65ba94d197e535f4397e543d203995","4","1ChANGeATMH8dFnj39wGTjfjudUtLspzXr","039042060d00456c696769757300572a813bfabe6d6d82b0817161860f2ad639c388cd8cde6e636d6ef03bbb331ccbd2951653c064d30100000000000000002f737332302f005a00000015201a00","api.kaiko.com"
"58","2016-05-04T23:15:53.000Z","410257","000000000000000000207d10a879354d30cd781bd44d204a341d3a322b8708b5","951797","main","2500000000","25493993","696248921631","178659257772","696248921631","d33d1b7a20c695c288eb92f12ef388fa655732f892627f6a866beb5e825f6fef","4","1KFHE7w8BhaENAswwryaoccDb6qcT6DbYY","0391420637e4b883e5bda9e7a59ee4bb99e9b1bc84de1bb429ab5b4dd73f82fbdfe5981ee9159a262f7e23cf378ca4934e41697a04000000f09f909f144d696e65642062792068616f6274636d6c73613600000000000000000000000000000000000000","api.kaiko.com"
"59","2016-05-04T23:17:18.000Z","410258","0000000000000000007f2cd45aec2841507d60bd3eb85312a13ddfcb3add8f54","153836","main","2500000000","3833979","46674241841","178659257772","46674241841","72d36e293f6ce49e70c61817fd75b74ccf1d93956c5ac6b3bf60ec9afcbe225c","536870912","1DrK44np3gMKuvcGeFVv9Jk67zodP52eMu","0392420604ed822a57086ffffffa000331d7102f426974467572792f5345475749542f","api.kaiko.com"
"60","2016-05-04T23:18:23.000Z","410259","0000000000000000037b2d3890b4f8b2da4e0464a4bf8f07815cdb6cc7ac3679","117292","main","2500000000","4498217","226544949755","178659257772","226544949755","82b82b131d4ac110729a00500960d853857d8e25cd20400a2deb9727b50eaea1","4","1KFHE7w8BhaENAswwryaoccDb6qcT6DbYY","0393420637e4b883e5bda9e7a59ee4bb99e9b1bc431d506f54ddc39920025a97b8b5e0fe149e00b36d31efacfef156788385c7f104000000f09f909f164d696e6564206279207975656a756e383138323030380000000000000000000000000000000000","api.kaiko.com"
"61","2016-05-04T23:19:08.000Z","410260","0000000000000000005b8bed3ae7ed47232e281da18d3439e680eb2b062abd6f","31693","main","2500000000","1377635","63599987170","178659257772","63599987170","a6debd9c0f39b2ad28dff6104e63c350d1bf0a05535e34890b3bf1e5e682a588","536870912","152f1muMCNa7goXYhYAQC61hxEgGacmncB","039442064b0b0b9d097a87181d0140013278be550000202f425443432f000000000000000000000000000000000000000000000000000000000000000000000000000000000000000000000000000000000000","api.kaiko.com"
