"","time","height","hash","ver","fee","n_tx","size","script_hex","tx_hash","generationAddress","addr_tag_link","addr_tag","API"
"1",1462970259,411300,"000000000000000001a3079487a9b24c8169193c357b18bf5d5021f14cc3fa29",536870913,31006138,2097,998086,"03a446060479273357085000001f000c1188102f426974467572792f5345475749542f","ab435f92bfe11fb9c0a9ef125849dbba44d3dc3603e0304b8019f2669740489c","1DrK44np3gMKuvcGeFVv9Jk67zodP52eMu",NA,"Bitfury","blockchain.info"
"2",1462970571,411301,"000000000000000000b9d8d41163087d3300a013dcfaffe3347c87bedfe81aab",4,32044225,1142,957699,"03a5460637e4b883e5bda9e7a59ee4bb99e9b1bc42bf8d01a32bc0d2d75804e8fafef919663982f89a5d1911e3eda7d2898296dd04000000f09f909f0c4d696e65642062792064796b000000000000000000000000000000000000000000000000000000","0af81c16d15e2ab636f1808e3868d5c767c941e6d4d24507d2d3e5bebcf9077e","1KFHE7w8BhaENAswwryaoccDb6qcT6DbYY","https://www.f2pool.com","Discus Fish (F2Pool)","blockchain.info"
"3",1462971164,411302,"00000000000000000479bfd47959f64f0e47f9a57127b15351379994e7110201",4,45977186,984,927990,"03a646060e00456c69676975730057332b0a01fabe6d6d1a1572d04ac9c212068b3082dc484a423f7b63b539092134a09b5aeadb496b250100000000000000002f737333362f006a000000f66c0000","76c0ba2825607a09fbfbd4a0b3c538e53076298b4a9b765f9fb0a4d600ad0252","Multiple",NA,NA,"blockchain.info"
"4",1462971816,411303,"000000000000000003c0675c2d0da7f046d9879eb5bfd9db21a75116d05b9378",536870913,46376789,2344,998050,"03a7460604872d3357084ffff95700040413102f426974467572792f4249503130302f","94bcc9aa0e2d608a62ed38dbd60c355fdfb701cda845892b38dd0e29b5522ee1","1FeDtFhARLxjKUPPkQqEBL78tisenc9znS",NA,"Bitfury","blockchain.info"
"5",1462973325,411304,"00000000000000000343590b7ccb24ab1102aaaa0706c04f09f7a65bf13cfed0",4,63732554,3275,998059,"03a84606204d696e656420627920416e74506f6f6c20626a313220394a50f7205733338d01542f0000bd1d3200","b3f9d55963f5e98aa7f96fd9969e82df0f0650392d78b2bd44be028848487860","15urYnyeJe3gwbGJ74wcX89Tz7ZtsFDVew",NA,NA,"blockchain.info"
"6",1462973352,411305,"0000000000000000058715d099fb726e009154eafd78bd3aef4bb37f834ec11b",4,23327368,1797,999858,"03a9460637e4b883e5bda9e7a59ee4bb99e9b1bcc4f881409e2141a02ccbbac5c05cb7617bc118d27acef10b9250fc8d3cefe69c04000000f09f909f0c4d696e656420627920616e74000000000000000000000000000000000000000000000000000000","5bf50571a8e0e57f07f821a3043ec6e3a765819b06e77d2af96523ab625ff570","1KFHE7w8BhaENAswwryaoccDb6qcT6DbYY","https://www.f2pool.com","Discus Fish (F2Pool)","blockchain.info"
"7",1462974525,411306,"0000000000000000055e5e9513116ef7dd6631ae3e0dbcc376e5890fb7ef2c28",4,61988318,2952,998211,"03aa46061f4d696e656420627920416e74506f6f6c20626a313220394a50f7205733383d0607000054fd2700","7d38194f6134d3abed7570699d54f2817c73648e682d7c9e91c8e7dfb32da76a","15urYnyeJe3gwbGJ74wcX89Tz7ZtsFDVew",NA,NA,"blockchain.info"
"8",1462975983,411307,"0000000000000000054ba46707cc4c736f47439040992cf3edc484fbb1e5b180",805306368,65062201,3128,934328,"03ab46061b4b6e434d696e657242322d5032a502c1d3f994526e57333e470c95e201000065770f00","cbae445c3c9d08f60fdc2a7e3141bbcb728967bfc0fa00e792d0451652781843","1Mpce11eUTuP9mxyDixdFbJzPrdNEJkgB4",NA,NA,"blockchain.info"
"9",1462976343,411308,"000000000000000000ff583eda6dc841311e161198e02a5677fae19e4f785f70",4,32822017,2323,998051,"03ac46061f4d696e656420627920416e74506f6f6c20626a31342009af60582057333f57cd2b00001fac0700","8072495b2b3da517966f64550efafc6824ac6438aa2be2265c77adf2ba435441","15urYnyeJe3gwbGJ74wcX89Tz7ZtsFDVew",NA,NA,"blockchain.info"
"10",1462976611,411309,"000000000000000001ed04c49c21e8e7b62e57ace722ed8ff3e85d2d9d3709e4",536870913,26193453,1629,998207,"03ad4606000464403357045090310e085fc4f63b10c208000a425720537570706f727420384d200a666973686572206a696e78696e092f425720506f6f6c2f","9373b9bef6a1f6cc8eecfb6b715294b9ca8bf4add91f0360f92aa6936aaaf416","1BQLNJtMDKmMZ4PyqVFfRuBNvoGhjigBKF",NA,NA,"blockchain.info"
"11",1462976908,411310,"0000000000000000036b4c8fb5037e25d59c93b305a4e7a3b0bc5f9989edd864",4,26469238,1252,749805,"03ae460637e4b883e5bda9e7a59ee4bb99e9b1bc313dc2c8325bdd65ec00487d5334438f1253cba969fb07097878785f88f49c7004000000f09f909f0e4d696e6564206279207a6331313100000000000000000000000000000000000000000000000000","c2c1e870571d7c427798ffcda5d2094b8c7eb95f9ebb2ba883e892f0548ec86c","1KFHE7w8BhaENAswwryaoccDb6qcT6DbYY","https://www.f2pool.com","Discus Fish (F2Pool)","blockchain.info"
"12",1462976974,411311,"000000000000000000ffae3998246ed71a1517c0ec6d0f09bf9452d026b86528",4,4147414,210,98473,"03af460637e4b883e5bda9e7a59ee4bb99e9b1bc842bd89512df812bbf6f73544dcb449b1d6650c1427edb0f16c9a7ea0331c56e04000000f09f909f114d696e6564206279206c7562696e39393700000000000000000000000000000000000000000000","6967c9403e24557dfb3af55336eaded3a56b30d38186b963cb6ca151d3b4c4ef","1KFHE7w8BhaENAswwryaoccDb6qcT6DbYY","https://www.f2pool.com","Discus Fish (F2Pool)","blockchain.info"
"13",1462977163,411312,"0000000000000000020981a3c2998e0ceb017ae2577e4f3b1fc2e3fc7103d988",4,12066557,759,349539,"03b046061f4d696e656420627920416e74506f6f6c20626a313520107a10ac205733428bb729000071290600","98b47dadf3adaf822409cc325cc29801349352089fe0c5417b6ce66a528f1eb4","15urYnyeJe3gwbGJ74wcX89Tz7ZtsFDVew",NA,NA,"blockchain.info"
"14",1462977370,411313,"000000000000000001e670739ad29297b593aa960c141d594fd2756788c46c93",4,14062832,864,388822,"03b1460600044d433357044d8e03380c2718db56742a0000000000000a2020202020200a2f72657365727665642f","52cbd22ae81741462c7bb1839d686de72a7dccc5f6194c7fd88c6638ce4bb370","1DXRoTT67mCbhdHHL1it4J1xsSZHHnFxYR",NA,NA,"blockchain.info"
"15",1462978265,411314,"0000000000000000026806253ad80b75a43ba9937984b5fb6e6826b2297744f2",4,49004281,2693,998162,"03b246061f4d696e656420627920416e74506f6f6c20757361312022fadf0120573346d98a2b0000df750a00","3984500e775b09989e9f7c8e44d80b2c3e8a583aed440c4500674df5eadb7e63","15HCzh8AoKRnTWMtmgAsT9TKUPrQ6oh9HQ",NA,NA,"blockchain.info"
"16",1462979359,411315,"0000000000000000016c96f3594e223d8ae0b6865a4fb3bc6c9243f93d9dee63",4,55662761,2997,998168,"03b346061f4d696e656420627920416e74506f6f6c20757361322011bae02f2057334b1f8b0e000014ee0a00","cf6f5b96ae469e3d1fa484ddabe0f5e57b7f8f35847dde58716013222cc141de","1Ebb8NfVmKMoGuMJCAEbVMv2dX8GnzgxSa",NA,NA,"blockchain.info"
"17",1462979581,411316,"0000000000000000031665d245c3b9b4804683b81e14d472de34599b0b5bf5f8",536870913,28449010,1515,998071,"03b446060004fe4b335704a643a900083c44a7823c1d06000a425720537570706f727420384d200a666973686572206a696e78696e092f425720506f6f6c2f","ce1626822d130ddef0912a09a9cd39a59fb609e6339632a28763d40303157cc8","1BQLNJtMDKmMZ4PyqVFfRuBNvoGhjigBKF",NA,NA,"blockchain.info"
"18",1462980808,411317,"000000000000000002b19fa36bc3d9c35e35368c1f2a036da6e1ed421c49ed4c",4,58789306,3052,998137,"03b54606204d696e656420627920416e74506f6f6c20626a313220394a50f720573350c8014417000084192900","41b9e274e207e4f4a61f97de90c0e98e6fe9648b02269c414c9c9a8996ff8f3f","15urYnyeJe3gwbGJ74wcX89Tz7ZtsFDVew",NA,NA,"blockchain.info"
"19",1462981903,411318,"00000000000000000331f04b50c5f25ee7298508692c76279f537fcc8b0a84b0",4,56285763,3015,998073,"03b646061f4d696e656420627920416e74506f6f6c20626a31342009af6058205733550fc32500006db22300","83bc9f5972e263e01f5b2660fa42326310b0437827ce086a9e53702a99e417ee","15urYnyeJe3gwbGJ74wcX89Tz7ZtsFDVew",NA,NA,"blockchain.info"
"20",1462983842,411319,"000000000000000000abfa25bb5bf0294c161472778b7f3b6bd00424e5f5e616",805306368,115623234,2771,934392,"03b74606194b6e434d696e657242322d5031ec4abd8373fd780857335d23ab0100002fa91300","aa0dcc5e4165c042a73876b7fe2c24ef9d5069ab4487196f7341c9259965f0ef","1Mpce11eUTuP9mxyDixdFbJzPrdNEJkgB4",NA,NA,"blockchain.info"
"21",1462984063,411320,"000000000000000000fa1cc7d2d22db5632081a0e6373f57caca306d1198e210",805306368,42079000,2844,999968,"03b8460637e4b883e5bda9e7a59ee4bb99e9b1bceecb60d40d03e16583d3e88f0af69cc699af40eab6da2936499b198bcf3e895d04000000f09f909f0c4d696e656420627920626331000000000000000000000000000000000000000000000000000000","ca633705424d72fe914a98cab01dff6d9562113d7406d307681ca55a2de8077f","1KFHE7w8BhaENAswwryaoccDb6qcT6DbYY","https://www.f2pool.com","Discus Fish (F2Pool)","blockchain.info"
"22",1462984130,411321,"0000000000000000037a3bead9a2c3e215f67ca418593c18e30ff15ee0a41e03",536870913,27638332,1629,997947,"03b946060004c25d335704cd6b74290cbc243257e0380200000000000a636b706f6f6c182f426974436c7562204e6574776f726b2f5345475749542f","e9bca73272d4dd7007737b067bd22578c93c0184dd8adff492f503705c2eb4bf","155fzsEBHy9Ri2bMQ8uuuR3tv1YzcDywd4",NA,NA,"blockchain.info"
"23",1462984610,411322,"000000000000000003c881d1a419808178a454fbf830d0320b55efde41891673",4,288922,7,2032,"03ba46061f4d696e656420627920416e74506f6f6c2075736130200a0d22302057335fa2ad020000c26b0f00","aac5d97f9af5bba96957675f1c30e41e9b44a9cab5b35296b2bfa677a1aea64c","1JVMpaWzLB1pnkwoQNqK4Z4EimQj5bCKj7",NA,NA,"blockchain.info"
"24",1462985170,411323,"00000000000000000122c5c75576ff82aaa63d286f596c4a3e5381228a2715e0",536870913,59531350,2146,988047,"03bb46060004bb61335704ad49b90f0c1fc8485731730000000000000a636b706f6f6c0d2f4b616e6f202f4245424f502f","656519b42495588def2fc68503efc4c29799f1409fbeae71f3b4f1bcd8b6a6de","Multiple",NA,NA,"blockchain.info"
"25",1462985943,411324,"000000000000000000e8ec6c35322d7431a469972a8a2dd7f70e88b3bf37898e",4,56167143,2776,999810,"03bc460637e4b883e5bda9e7a59ee4bb99e9b1bce4bf98c96220c0088cca6d05aece84714341141a51254f0f25afa501bd5cc64d04000000f09f909f154d696e656420627920613138373337353733333333000000000000000000000000000000000000","74528e41378fa5904b0b35c2357eee3c38bb87f4812e82721995887d610b955f","1KFHE7w8BhaENAswwryaoccDb6qcT6DbYY","https://www.f2pool.com","Discus Fish (F2Pool)","blockchain.info"
"26",1462986055,411325,"0000000000000000028c158b1f64e7d3924c50efc0726f382c4c3dc33eb53030",4,28296339,1989,998110,"03bd4606fabe6d6dfddeeca0d87ea0eb9fbeb2323bebf2bb5de6affa3387e12fffca8f6034dc5a7d0100000000000000016506001394657a1b0400d0a2032f736c7573682f","6bfff97b7ef58c209eb0ed4ca98f6bc134199b265b029f07c88e1b2f6c861f7f","1CK6KHY6MHgYvmRQ4PAafKYDrg1ejbH1cE",NA,NA,"blockchain.info"
"27",1462987215,411326,"00000000000000000113d30ba22de18d2b1883c2f78fd41c6275e8717cbf18db",536870913,58991310,2550,989163,"03be46061d83708909a60f48770ae00025016c2b0400202f425443432f000000000000000000000000000000000000000000000000000000000000000000000000000000000000000000000000000000000000","f80ac6312d0d857ece00e3ba79cea9e2ad7171405abfafa5bf8129078d4b474d","152f1muMCNa7goXYhYAQC61hxEgGacmncB",NA,NA,"blockchain.info"
"28",1462988672,411327,"000000000000000003b80aabdb73cb9efcde02c23065b7deb6f7e1bdbde12b30",536870913,71456614,2891,998069,"03bf460600047c6f33570492eb390c086460498bdf19005c0a425720537570706f727420384d200a666973686572206a696e78696e092f425720506f6f6c2f","292401cc891397ad45d1978f4671ff95197ea66cff014e8da1ecde413f5c400d","1BQLNJtMDKmMZ4PyqVFfRuBNvoGhjigBKF",NA,NA,"blockchain.info"
"29",1462989127,411328,"0000000000000000036d52da20e86589fb18a1a7f9ac016ea396fd42df7f7a65",536870913,41532501,2285,989191,"03c04606f6cd43c509559963280b68006e29fb140f00202f425443432f000000000000000000000000000000000000000000000000000000000000000000000000000000000000000000000000000000000000","1d0e5c0ecfb543010dbb9e5063fc794d19667a908cb4b2bc76b20169e5ff1d48","152f1muMCNa7goXYhYAQC61hxEgGacmncB",NA,NA,"blockchain.info"
"30",1462989148,411329,"000000000000000004b25859799ef003d7114155e17fe83f134d016f6d7a97eb",4,348304,18,4168,"03c146061e4d696e656420627920416e74506f6f6c20736331200edc51c5205733715c11010000a1290000","2d9784eecea4c978294b00b375eab538249459a23a8d9f45509cd40990fc57d4","15urYnyeJe3gwbGJ74wcX89Tz7ZtsFDVew",NA,NA,"blockchain.info"
"31",1462990650,411330,"0000000000000000031dd6f22fa8dabeb2a8c5343158c16e4ea20bda374ab69e",4,98622192,3192,998201,"03c246061f4d696e656420627920416e74506f6f6c20757361322011bae02f205733773a023600001d8f2a00","69bba036268fb4b2737b89b3a63e89e96872d63feee390a6fb3ba88f4593dd9a","1Ebb8NfVmKMoGuMJCAEbVMv2dX8GnzgxSa",NA,NA,"blockchain.info"
"32",1462990722,411331,"000000000000000002cc7b24fb1adb3739358d4829b4e21fc95d35acd96c0802",4,31722548,2355,999919,"03c3460637e4b883e5bda9e7a59ee4bb99e9b1bc795fc94c0afbf8ff2b3d1da82131dac12a45900a0400d37a447e87cbd7415c8d04000000f09f909f0f4d696e6564206279206c786e647368000000000000000000000000000000000000000000000000","423d39672562bd7c0971395e1ae80a66998e87d0bfd569cb5a54c2cb55a9147f","1KFHE7w8BhaENAswwryaoccDb6qcT6DbYY","https://www.f2pool.com","Discus Fish (F2Pool)","blockchain.info"
"33",1462990761,411332,"0000000000000000038ef3adbe05877fb3d4698cd1c4288e044a875132dc1a18",536870913,20809176,1151,989176,"03c446061bbf39190948d24c250730006e43f94300c5202f425443432f000000000000000000000000000000000000000000000000000000000000000000000000000000000000000000000000000000000000","a99282aedf3ec9bc908a65b103f51a275a17ce21c34640ff0685f8b0547f7444","152f1muMCNa7goXYhYAQC61hxEgGacmncB",NA,NA,"blockchain.info"
"34",1462991204,411333,"0000000000000000029b399af0b88693c306dfe0f4a6c6dfb34d091573ccb4d4",536870913,32578622,1629,998168,"03c5460600046179335704a58a37330c5b293257182f32570000002b0a636b706f6f6c182f426974436c7562204e6574776f726b2f5345475749542f","a210d7513f8a6433a9270df0e495a6952d8be3def6ba0609223c4bbcb9d50072","155fzsEBHy9Ri2bMQ8uuuR3tv1YzcDywd4",NA,NA,"blockchain.info"
"35",1462991701,411334,"000000000000000002132c54f28c9c3166b6c10acc1c7e3e40dc30d14b8bb87c",536870913,30857175,1450,998021,"03c64606044e7b33570828000033001082d9102f426974467572792f5345475749542f","9e66ee4fb6dc6e4ab346d31a15146d02c436c1de13df29dbc39d0d9dd61bba4b","1DrK44np3gMKuvcGeFVv9Jk67zodP52eMu",NA,"Bitfury","blockchain.info"
"36",1462992661,411335,"0000000000000000009eaaa171a993e931113ec84b0fb5ce76c53a8237e016ca",536870913,51390010,2524,998180,"03c74606","01de29264441ba7bb7fb48ab9d6207d0c5863c57c214a44ffe1d0bbdbc7fb500","Multiple",NA,NA,"blockchain.info"
"37",1462992689,411336,"000000000000000000337d91d20cf5beb643c9d062ba8c8f69f31f8ac5091112",4,595619,14,4179,"03c84606204d696e656420627920416e74506f6f6c20626a313220394a50f72057337f31022f22000031230100","8ecf5d28c4ea2b65ae74bfa3ab6107a8284cba848caa19840ce5a065a5b397bf","15urYnyeJe3gwbGJ74wcX89Tz7ZtsFDVew",NA,NA,"blockchain.info"
"38",1462992976,411337,"000000000000000005a89595a6caa9aaa8e753d50b6d04bc236f6fb163903135",4,25157862,1667,999962,"03c9460637e4b883e5bda9e7a59ee4bb99e9b1bce2ae50863d58a185ba6e8c900094d190ac024f5bb133ce5ea3fb3dd66686e3a004000000f09f909f0d4d696e656420627920627273350000000000000000000000000000000000000000000000000000","4c4952a618add6621c8980cce94a45092bff858544056c194e267c36b0941b1b","1KFHE7w8BhaENAswwryaoccDb6qcT6DbYY","https://www.f2pool.com","Discus Fish (F2Pool)","blockchain.info"
"39",1462993287,411338,"000000000000000002ce645503f786cc970112d9e3cc98ba1b9ef71dcf73c884",536870913,24405839,1052,998125,"03ca460604798133570828000061000aaa34102f426974467572792f5345475749542f","0536b39da095ce69d661544c64d9d073f102c094e4f1751d09c9375093db1fdd","1DrK44np3gMKuvcGeFVv9Jk67zodP52eMu",NA,"Bitfury","blockchain.info"
"40",1462993414,411339,"000000000000000001d997cff8dfca7066898c43bb7ef26c76f3d0b01c681a65",4,14266743,1070,998206,"03cb46061f4d696e656420627920416e74506f6f6c20757361322011bae02f2057338206e2200000a7720100","d5505761c3658a7aaa9bf920e8dd5d71a5ad0976447c96fccfeacbb6d0caea26","1Ebb8NfVmKMoGuMJCAEbVMv2dX8GnzgxSa",NA,NA,"blockchain.info"
"41",1462993515,411340,"000000000000000002e46ec6f7deb0ccdedd34e3868f18d811913f7aba05816b",536870913,13191307,440,998030,"03cc460604628233570867fff17a00030343102f426974467572792f4249503130302f","eb09227cb0f08fc2f0696652a37be42bf2e07af5b01cedf75c95040c60db73a2","1FeDtFhARLxjKUPPkQqEBL78tisenc9znS",NA,"Bitfury","blockchain.info"
"42",1462993879,411341,"00000000000000000074aaa60a963dbf9af45ccbe992c4ab09262105d46116c6",4,19646267,1165,810448,"03cd460637e4b883e5bda9e7a59ee4bb99e9b1bc2d071465a4054976c2033fdc9561e00ac8611eaa191f64a4d6086c83ccc95ed504000000f09f909f114d696e656420627920657a6d696e67736800000000000000000000000000000000000000000000","cf287a52cb6f9df430e99dc286852bd018dce6e351903ec95b3cf3365cd139bc","1KFHE7w8BhaENAswwryaoccDb6qcT6DbYY","https://www.f2pool.com","Discus Fish (F2Pool)","blockchain.info"
"43",1462993950,411342,"000000000000000002a1b9a53f553fc2fe40bb782e213e5f598232bc2a6e3c77",4,3013779,184,72669,"03ce460637e4b883e5bda9e7a59ee4bb99e9b1bcf1bf3a457c682c9917f105b539758f024543756ac418960c43aed04c1480150a04000000f09f909f0d4d696e6564206279206c6970630000000000000000000000000000000000000000000000000000","44a7874378e0d52c201b3ba068a43dd482d505691e2e465a0c79e9d0d158ee11","1KFHE7w8BhaENAswwryaoccDb6qcT6DbYY","https://www.f2pool.com","Discus Fish (F2Pool)","blockchain.info"
"44",1462994434,411343,"0000000000000000013de22cf145151f596917d78d7af95afa6092767d9208ee",536870913,28107990,1333,997369,"03cf460604e9853357082800012406040897102f426974467572792f5345475749542f","6b6e507cc30a1146247f470917b2ad2a5346fe01559d834302b772b5c8ffc575","1DrK44np3gMKuvcGeFVv9Jk67zodP52eMu",NA,"Bitfury","blockchain.info"
"45",1462994719,411344,"00000000000000000304c49f0e3c3dce67e7a1f3829f20716dff8a29fd6a1ebb",4,13101876,842,335716,"03d04606fabe6d6d64ac3879c7212a8d9c68e968f50f5cfb213c86090e2d53d9ff3b128203768c5201000000000000000265080016b62c23f3f809dca8032f736c7573682f","b3ebe9ab98306a47e1de5ebeb612e05ea5c9c66f718256d6623832dfe3661abf","1CK6KHY6MHgYvmRQ4PAafKYDrg1ejbH1cE",NA,NA,"blockchain.info"
"46",1462996953,411345,"00000000000000000183c7903967fb72623076582f7f3cf6748cd49d3ec2465f",4,69868813,3052,998073,"03d146061e4d696e656420627920416e74506f6f6c20626a36202bcabe152057338fd9ee070000ab764a00","3a58d3191fd7fedb3e7c22df333c6503e1f9f3a35789368c6de077404b7e8f83","15urYnyeJe3gwbGJ74wcX89Tz7ZtsFDVew",NA,NA,"blockchain.info"
"47",1462997910,411346,"000000000000000002e7a2f0ca84fc46a8c5bb0504f928bda82cb0b63a8e7452",4,51831594,2716,998231,"03d24606fabe6d6d35e0e56cf42bc9631939010b6b89ebddb0dcc4b2f67cb97be2fd5bccd5bba24501000000000000002165080010a3b4f4b20000c4bf032f736c7573682f","205fc9484153745337cdf4edd79e6eeb571ca54c7169189791fb94ced095469e","1CK6KHY6MHgYvmRQ4PAafKYDrg1ejbH1cE",NA,NA,"blockchain.info"
"48",1462999009,411347,"000000000000000004279255e552915e1cdcb7b02715ff4273e5018308930528",536870913,48893019,2724,998014,"03d3460604c797335708280000a3000f22e8102f426974467572792f5345475749542f","1a1891a90a304606a0ac204bb3e4cd07e5b8be3e4afc8b083c9aa44ae4a27464","1DrK44np3gMKuvcGeFVv9Jk67zodP52eMu",NA,"Bitfury","blockchain.info"
"49",1462999682,411348,"000000000000000004563e834a108a7b2bc054e86ced2f0365375a1a3985852e",4,39597961,2307,998160,"03d446061f4d696e656420627920416e74506f6f6c20757361312022fadf012057339a82943600009ae61300","5fea527dcec6c41ce08f3636783e6f9328bbaf83ec82454fedc4ee74f822e913","15HCzh8AoKRnTWMtmgAsT9TKUPrQ6oh9HQ",NA,NA,"blockchain.info"
"50",1462999949,411349,"000000000000000004cbc2b30f1cc47a2abb64c5fb3aa9b39c6df13c3ad98ed5",4,25883511,1493,998061,"03d546061e4d696e656420627920416e74506f6f6c2073633020334127372057339b8ddd1b000064bc0700","eb63178289281a363b4a47c5f98aca880d4decbe4f4f59c968ac8b6ffa038e72","15urYnyeJe3gwbGJ74wcX89Tz7ZtsFDVew",NA,NA,"blockchain.info"
"51",1463001348,411350,"0000000000000000032f65bf9c8b9839808eb2032567dcb138352ec6b780b66b",4,55047201,2891,998051,"03d646061e4d696e656420627920416e74506f6f6c20626a3020201a5355205733a104fd05000056bf2f00","6268070dacb4b1369b83646b928c19f3c9671fa1e28e25b67305de0312e2f817","1PE7LXcntsLvavM2KXpJGNu51UbDhC3u63",NA,NA,"blockchain.info"
