"","time","height","hash","ver","fee","n_tx","size","script_hex","tx_hash","generationAddress","addr_tag","API"
"1","1462370543","410200","000000000000000005ed69e59bd7ab2a870842e9f27f80019d21530ce74f411e","4","52296236","2583","998194","035842061f4d696e656420627920416e74506f6f6c20757361322011bae02f20572a00c12d0f0000fecc0000","af09d55da48ab4c8d79251c4c3878785119d9b4592e8601192b23624e3ccda6d","1Ebb8NfVmKMoGuMJCAEbVMv2dX8GnzgxSa","Unknown","blockchain.info"
"2","1462370771","410201","000000000000000005ad3be003999a60b6aca2896753d6d4fdd6d63878030d8e","536870912","25624417","1424","878713","035942060004d3012a5704e1c94c1408e1b3ced13a9c02000a425720537570706f727420384d200a666973686572206a696e78696e092f425720506f6f6c2f","ff453d9ea06eff1b5e13315f9053c27a44563a7e8cf7131e640bb6068fe285b9","1BQLNJtMDKmMZ4PyqVFfRuBNvoGhjigBKF","Unknown","blockchain.info"
"3","1462371182","410202","000000000000000005e2bd47f34b8ff5ecf3ff42ef485921a2246c3ad1b094b3","4","26646764","1382","781293","035a42061f4d696e656420627920416e74506f6f6c20757361322011bae02f20572a036e59260000cc1f0e00","033d85b85261837b2e286f22ed4b0013e21ba191a1c3ad980db87962565017bd","1Ebb8NfVmKMoGuMJCAEbVMv2dX8GnzgxSa","Unknown","blockchain.info"
"4","1462372914","410203","0000000000000000026b49fc26b9a8d7ec6740799f5019956749685c88f42ed6","4","71819809","3382","999911","035b420637e4b883e5bda9e7a59ee4bb99e9b1bc77879b586b0b58593df981933a7cdcea1893ef9fc2faea1ddd3b8671185c0f7a04000000f09f909f104d696e6564206279206a696c69616e670000000000000000000000000000000000000000000000","2bad9e0329749f9bbe4d6f2c61dc64465482efa7922fe66965d8ebdd39831eee","1KFHE7w8BhaENAswwryaoccDb6qcT6DbYY","Discus Fish (F2Pool)","blockchain.info"
"5","1462374367","410204","000000000000000002d120c02b18a9f9dd6a0fa6133c4412de9a88c9dcdefda9","4","66800476","3463","999850","035c420637e4b883e5bda9e7a59ee4bb99e9b1bcd67ef2bd33f5b3c6854468fce099320cc0c283ca2ce44c1c35a14f1e83ed601d04000000f09f909f134d696e65642062792068616f6274636b6473350000000000000000000000000000000000000000","a036b71f64ec772adcb96bdaec75aacaf3285ea9d6388c136b3c124c16413ca1","1KFHE7w8BhaENAswwryaoccDb6qcT6DbYY","Discus Fish (F2Pool)","blockchain.info"
"6","1462375040","410205","00000000000000000312c63ead01cb466e53cf6bb7ebf4bc0b5c0fe954af6ba5","805306368","45072187","2293","998202","035d4206fabe6d6d80f917de77cf03df8ce2d1942a248b90cea54336a2cf43d831728de9366d84d6010000000000000002650500024614d1e505009f9d012f736c7573682f","8b0f6fd822a9a99add23d1fb4beac48fd8ac93dc09c0d0346bbe7ea64291b448","1CK6KHY6MHgYvmRQ4PAafKYDrg1ejbH1cE","Unknown","blockchain.info"
"7","1462375107","410206","0000000000000000023f7079b314a23f2a6e0ea1667864696c20e8ea2fcb385c","4","0","1","266","035e420637e4b883e5bda9e7a59ee4bb99e9b1bcffe97791b4b6d62cb9c76038e1368c21424dc6d1db7e8e40fb36dc31c533fb8404000000f09f909f134d696e6564206279206c656e6773697875616e0000000000000000000000000000000000000000","d16d9959fdb4203b7bbea3ded90fe252db209573120eeaa48fc7abb020b7c258","1KFHE7w8BhaENAswwryaoccDb6qcT6DbYY","Discus Fish (F2Pool)","blockchain.info"
"8","1462375366","410207","000000000000000003481c25acad9397b45baac3bc0fef192d4a469a63363d16","805306368","40679046","2324","999934","035f420637e4b883e5bda9e7a59ee4bb99e9b1bc4a507f041859b3c8c1bb49de28e1999f16b49a67947094a3659d53e6b95fa07304000000f09f909f134d696e656420627920737570657273757065720000000000000000000000000000000000000000","57809e1a0327aa966758284fab102912973367c06ad44401e22e9770ec4c520b","1KFHE7w8BhaENAswwryaoccDb6qcT6DbYY","Discus Fish (F2Pool)","blockchain.info"
"9","1462375722","410208","00000000000000000234618aeb98056858fd8cf96de329e0b522e969a7553b02","536870912","38630504","2014","989090","0360420675f311b4097a87181d036801215f0b850b00202f425443432f000000000000000000000000000000000000000000000000000000000000000000000000000000000000000000000000000000000000","debf992f9040f0b132ff88e0d498322ec5375a23b02a226d54b5ee3a14138149","152f1muMCNa7goXYhYAQC61hxEgGacmncB","Unknown","blockchain.info"
"10","1462376356","410209","000000000000000003700457d281b5d380e84c6cd1bf96bc61221c3f5fea6672","4","50375147","2171","999750","0361420637e4b883e5bda9e7a59ee4bb99e9b1bced351658505b68f443e18264e3f71789359000948a1c334ce52504b0e1cd3dde04000000f09f909f124d696e656420627920613835383635353636000000000000000000000000000000000000000000","68009bb309560c5b73ff5606c9def90ddbb0cc115ec4104ed5cf2970eb7fa9b1","1KFHE7w8BhaENAswwryaoccDb6qcT6DbYY","Discus Fish (F2Pool)","blockchain.info"
"11","1462377131","410210","00000000000000000242850e0595c6c774038a122fda4334d551d87efcef16db","4","59289167","2443","999964","0362420637e4b883e5bda9e7a59ee4bb99e9b1bc11cef7c2d82548669e3e9f2d061cc63be753bc5ec478bff0fbe6fddc220e5df004000000f09f909f0c4d696e656420627920637367000000000000000000000000000000000000000000000000000000","dd6e4d2f6b40b490c899bcea5e2ae7f11d8f4ddf31ef6a266bc58fa64faed24e","1KFHE7w8BhaENAswwryaoccDb6qcT6DbYY","Discus Fish (F2Pool)","blockchain.info"
"12","1462377827","410211","000000000000000002e73fbd93dca18ae56b4ac81a96ab4d7b7650630a11589a","536870912","51373394","2329","989199","036342067d9cf9e7091a821579041002266e7f2c0086202f425443432f000000000000000000000000000000000000000000000000000000000000000000000000000000000000000000000000000000000000","de15554555cd2b29bd17c94b719deda57696c12db91841596a8057b83f2d2dc0","152f1muMCNa7goXYhYAQC61hxEgGacmncB","Unknown","blockchain.info"
"13","1462378740","410212","000000000000000000fd9f42dca2e32160eca619e20e27f7635dc1a5441c11f9","4","69336197","2321","998114","036442061f4d696e656420627920416e74506f6f6c20757361322011bae02f20572a20f4e6220000e05d0900","9d7abff259a9a67b3b84eaa388b75a8e54fe0dd4571b342c6b7919ca5c2304ad","1Ebb8NfVmKMoGuMJCAEbVMv2dX8GnzgxSa","Unknown","blockchain.info"
"14","1462380261","410213","0000000000000000019075f0806a89736c466b5d89c772cfb51a57c8539fa96a","536870912","48318202","2789","989128","03654206fbecffe2091a82170a01180217d60000000f202f425443432f000000000000000000000000000000000000000000000000000000000000000000000000000000000000000000000000000000000000","82fc80e1e14fcf7b0b0bc77921e733409de38cfc217a2148ec3dc6815e17473a","152f1muMCNa7goXYhYAQC61hxEgGacmncB","Unknown","blockchain.info"
"15","1462379703","410214","0000000000000000000c138e27502082e34a935ac6859fbb77d63ad031c77f95","805306368","0","1","205","036642061a4b6e434d696e6572422d5031efde43486549963e572a249c30019a040000affd9e00","d2c288b60a30dc5121a0f4adea8f0df5224c288605c7ee70a099b08a6e7d4980","1Mpce11eUTuP9mxyDixdFbJzPrdNEJkgB4","Unknown","blockchain.info"
"16","1462380164","410215","0000000000000000001f703f738c41f52d1e25b9e7839a4f646adfc72cf81878","4","47146593","1898","999945","0367420637e4b883e5bda9e7a59ee4bb99e9b1bc217963ccf7252b0cc43f12cfa6702167bc9675b50fc9f3f6b2db8c58dbb4667804000000f09f909f144d696e65642062792068616f6274636d6c73733700000000000000000000000000000000000000","5cc8fc870548f4de0fd9060d6e39c6dde1516f65f9dd1b3ff0c38e860e9cc648","1KFHE7w8BhaENAswwryaoccDb6qcT6DbYY","Discus Fish (F2Pool)","blockchain.info"
"17","1462380251","410216","000000000000000005d7b5b579df2eefc47129169b0f8f87b5d65777ce85df82","4","25394279","540","998037","03684206fabe6d6d6f376f2fe440e475d901628c9c13586ef579367dc297663f1caad50b8865c5f50100000000000000236802002a1a203012a6067469082f736c7573682f","0d1460c4fbd0e40e1d2c4d74e43e2c92d55fa4ee89ab3b8250ffcca0f1bc0fa8","1CK6KHY6MHgYvmRQ4PAafKYDrg1ejbH1cE","Unknown","blockchain.info"
"18","1462381478","410217","0000000000000000034681771bcdfc1434ce0a12b8d6b8a2b71fcc6429a29a48","536870912","61021048","2862","989095","036942067dac4a87096b00e5a803600207b9af160500202f425443432f000000000000000000000000000000000000000000000000000000000000000000000000000000000000000000000000000000000000","9a860adbddcf057af56fb789e38f8b57a907662c8810779119846b0a03bf8519","152f1muMCNa7goXYhYAQC61hxEgGacmncB","Unknown","blockchain.info"
"19","1462382360","410218","000000000000000001f6f109328a50b1a94f41ffb5915b59f7d5579bbbda06fb","536870912","53610629","2642","998206","036a42060004192f2a5704724a1b0608888b59da290a1d000a425720537570706f727420384d200a666973686572206a696e78696e092f425720506f6f6c2f","473cef670bba3b69ec3db2e153c6112ce5948d989df94f084c652812a328cc4f","1BQLNJtMDKmMZ4PyqVFfRuBNvoGhjigBKF","Unknown","blockchain.info"
"20","1462382999","410219","000000000000000003ad3b5ca66c520cd141418960e0fe05f7ddb0bf5f5e952d","536870912","39328820","2008","997374","036b4206000493312a5704e6a88727085e37ced1e82a00920a425720537570706f727420384d200a666973686572206a696e78696e092f425720506f6f6c2f","9c53fc85927a6f2e760140c82f8219bdef9a78210e8e0b6752587209650d7866","1BQLNJtMDKmMZ4PyqVFfRuBNvoGhjigBKF","Unknown","blockchain.info"
"21","1462384349","410220","000000000000000001846c3723839fac00622cf5bac72be655f121d2130c13fd","536870912","59799451","3164","998020","036c420604c1362a570828000033000bb6c4102f426974467572792f5345475749542f","3c51545d1317479903e1a9e85fb09b1198b44c53da23ce77a99b7ea1f26d5648","1DrK44np3gMKuvcGeFVv9Jk67zodP52eMu","Bitfury","blockchain.info"
"22","1462384759","410221","0000000000000000013fb74a21fe6aae6bd9e2f4f90b077c2d6c175f8d91af6e","4","37473328","2174","999909","036d420637e4b883e5bda9e7a59ee4bb99e9b1bc6a58feef570ae5ee010d1218ceb330866b5c9d09a7e661646b2ca385b0b7f6f404000000f09f909f0e4d696e656420627920687864776c00000000000000000000000000000000000000000000000000","4ffb7102f59f663f34473129cd0940fda58c52a165a8d18bff4691c5ced91817","1KFHE7w8BhaENAswwryaoccDb6qcT6DbYY","Discus Fish (F2Pool)","blockchain.info"
"23","1462384919","410222","0000000000000000045614e4901f822a86e4015543acc6a68653cc9450f0f330","536870912","25243699","1660","988798","036e4206f6344662095c7c7beb01f00204850e690000202f425443432f000000000000000000000000000000000000000000000000000000000000000000000000000000000000000000000000000000000000","a8eb41d1947f95ddf38e5c9db1503024c3644e895b8f84c259b10018307d9cbf","152f1muMCNa7goXYhYAQC61hxEgGacmncB","Unknown","blockchain.info"
"24","1462386050","410223","000000000000000000b470496bc323591845291b7009ca95c5dce17b95537fb7","4","77800568","2357","998139","036f4206fabe6d6d745a8b8adee2f5debde9475124df8d6eb5260778de3e155301ac6c23ded0634101000000000000000165070007eb7ea33a050043a7012f736c7573682f","43acad51788e180a3e136945adf5806fa7e228081aac4711246c0822e472c5a3","1CK6KHY6MHgYvmRQ4PAafKYDrg1ejbH1cE","Unknown","blockchain.info"
"25","1462386203","410224","0000000000000000006bc91b86a8fa7e7bc3d154bb7cc5cb1d6b51c6f46e4096","536870912","24115064","1600","989219","03704206285bf655096d0a8f0303a00261552c1200b0202f425443432f000000000000000000000000000000000000000000000000000000000000000000000000000000000000000000000000000000000000","a96c7c48c1c4cd6edcca28da4fa319302e6998cc39295c976a0c33fe7c769fdb","152f1muMCNa7goXYhYAQC61hxEgGacmncB","Unknown","blockchain.info"
"26","1462386214","410225","0000000000000000030b9f8cc147646cae31e46edcc944ee5d6bfa900e88dab6","536870912","0","1","229","037142060004273e2a5704961f650308ea8ad494350f00000a425720537570706f727420384d200a666973686572206a696e78696e092f425720506f6f6c2f","f4455638c6316f973e54df2c7a48034585fd80c1218656cf2303a266ed839c4d","1BQLNJtMDKmMZ4PyqVFfRuBNvoGhjigBKF","Unknown","blockchain.info"
"27","1462387036","410226","00000000000000000437a8fb4b79d6b5e29016ce8a8487c74c44b91b5084d924","4","46474791","2355","999990","0372420637e4b883e5bda9e7a59ee4bb99e9b1bc0d9ca5c3821a0acf062cf92c2e60406b816f304608d1412e2d9cb28fa0e21b5604000000f09f909f114d696e656420627920737732303036353700000000000000000000000000000000000000000000","52102abcb45a90975ab7092d886a42050f1a87046474c93e0317c9f9216622aa","1KFHE7w8BhaENAswwryaoccDb6qcT6DbYY","Discus Fish (F2Pool)","blockchain.info"
"28","1462387077","410227","00000000000000000066ec116d077ff5f3ef5da7b6c4805b4c58146459809ea9","536870912","20379810","766","998132","0373420600047e412a5704faf453170c732708571885275700060c840a636b706f6f6c182f426974436c7562204e6574776f726b2f5345475749542f","9d11a197851b86cabc8e023303c947bfb94a50a428615c13043e4eb08e30c232","155fzsEBHy9Ri2bMQ8uuuR3tv1YzcDywd4","Unknown","blockchain.info"
"29","1462387560","410228","000000000000000003ea07b063db0e19e8af07b69a309676825eb3e95e5272e6","805306368","35677527","1710","917799","03744206184b6e434d696e6572422d5031efde43486549963e572a439af60400006bc01301","7ee157ff7bea03eae4000371c6d02c39642364ba455b0ca1c2ddd736ff478c8b","1Mpce11eUTuP9mxyDixdFbJzPrdNEJkgB4","Unknown","blockchain.info"
"30","1462387955","410229","0000000000000000008c8cc2ae5340ec303c13a71090d9b37f45c81b17ebdad1","4","25330709","1213","997855","037542061f4d696e656420627920416e74506f6f6c20626a3133200028768d20572a44f30a25000053bd0900","6a579b2582ca5853298d374855e27d9995d2427a66bfb9b909fa3e7ac05e9640","15urYnyeJe3gwbGJ74wcX89Tz7ZtsFDVew","Unknown","blockchain.info"
"31","1462387988","410230","000000000000000004dd8db06ec5dbb14898552c835969280eaa717176186c5f","4","13817576","581","998038","03764206fabe6d6d68e6cf7fba40e72cb7e5384c6c1c144fba97d042f29acc5366272cd2641548f901000000000000002165080006914f000104c4ecbb012f736c7573682f","efc69a315e4ed2ce5a7ee4c433127178bc3b73defde4dccc591e0d38f53ad840","1CK6KHY6MHgYvmRQ4PAafKYDrg1ejbH1cE","Unknown","blockchain.info"
"32","1462388628","410231","00000000000000000490f9b00cb8eb96500e5f9bd4780dfe39cdb0b5ae25f63e","805306368","30596191","1691","934447","037742061a4b6e434d696e657242332d503180d6b8b105a275ef572a474e01210a0000b9702d03","64eb33dff3a702bfc93d66a6a8f18d92db725c6aabec038cc69da3189f3bc3d5","1Mpce11eUTuP9mxyDixdFbJzPrdNEJkgB4","Unknown","blockchain.info"
"33","1462389352","410232","0000000000000000026eff2698ad1bf63848b3b1a01796f4d2cda0afbfb4b301","4","44782287","1983","998117","037842061f4d696e656420627920416e74506f6f6c20757361322011bae02f20572a4a68970a000086441500","734c75427c6e99ec7ccacc0a97c8130aeb63e428acf9b0ff9d227bc42becd479","1Ebb8NfVmKMoGuMJCAEbVMv2dX8GnzgxSa","Unknown","blockchain.info"
"34","1462389831","410233","0000000000000000049fd3f53d6a13deeb49b72f6f93eba3f4b990da6a09bb60","4","39131641","1338","999986","0379420637e4b883e5bda9e7a59ee4bb99e9b1bcc105593ede4bdcf2df822b13575d3358450561836dcbfab6f5e65b3809a7171e04000000f09f909f164d696e6564206279206761696e626974636f696e31300000000000000000000000000000000000","9f9c6f010838d16b298b94896173917ece0d86698b22d1ce279eb51539ef1837","1KFHE7w8BhaENAswwryaoccDb6qcT6DbYY","Discus Fish (F2Pool)","blockchain.info"
"35","1462391608","410234","0000000000000000028a5e7c0e844cadda9792b63fb514bcba3422063a9c5ed9","536870912","74430579","2781","989202","037a4206534c53f4091a9cee8a036801c5d25e113a00202f425443432f000000000000000000000000000000000000000000000000000000000000000000000000000000000000000000000000000000000000","6d9a7957f3a4f72d1d07b014eaa1a78ff43cb4996ad51dc56f62d0819791f299","152f1muMCNa7goXYhYAQC61hxEgGacmncB","Unknown","blockchain.info"
"36","1462391735","410235","000000000000000004062936803a43e7171edb7598ee6e6fd7db573b2af6f4d6","536870912","21543048","1518","749191","037b420604bc532a5708380050f9f488e5040b2f42434d6f6e737465722f","ef409d725ce0fe3629ab3fc7c253462c15d7673d761b6b5225b7776eff0f7765","1E18BNyobcoiejcDYAz5SjbrzifNDEpM88","Unknown","blockchain.info"
"37","1462393169","410236","00000000000000000394ea9764401d36375cc8e29b307d05304d928e16e22ea9","4","62446956","2327","999953","037c420637e4b883e5bda9e7a59ee4bb99e9b1bc247c2d678edcd817565d7bd1acd2ddc5edca85a6f26b14e65332ec8ef669d8e804000000f09f909f124d696e65642062792068616f627463786a31000000000000000000000000000000000000000000","3becb20b6457a53357b61b6d394d6bef30b14de60bca9e912280740e4d925c55","1KFHE7w8BhaENAswwryaoccDb6qcT6DbYY","Discus Fish (F2Pool)","blockchain.info"
"38","1462393376","410237","000000000000000000b90eadb1c271c1256cee17395d6f525c834780db2fcfec","536870912","28840387","1452","989159","037d42066b773ce609c12839ab04980209937aeaccd0202f425443432f000000000000000000000000000000000000000000000000000000000000000000000000000000000000000000000000000000000000","8c07c701ef0f0aa5cfc698200f78867eedd2620a618a190f75a8e12403e2103f","152f1muMCNa7goXYhYAQC61hxEgGacmncB","Unknown","blockchain.info"
"39","1462395168","410238","0000000000000000043bb8260bf545173f3dffce5b1e3e43ae9555e20e40167e","536870912","60694917","2671","998051","037e4206041c612a57084fffaeef00040b33102f426974467572792f4249503130302f","13824b9fa00189cfb4545331473b5099d21147325ce372ecd6506853719c0b04","1FeDtFhARLxjKUPPkQqEBL78tisenc9znS","Bitfury","blockchain.info"
"40","1462396421","410239","000000000000000000c747fff29f64cb1b0a8dbb2c318fba2780cc75322eb7be","805306368","75264587","2240","998131","037f4206fabe6d6d1045f47e746da6a8bd7ad2bd3f284d8c1bc341af79dbf11aa5a4c7e4d59e65ad0100000000000000236805000352be0be82a005eae012f736c7573682f","05274204660613295c4bb9a87ff3f49d2de6352e49b1c44753cb694ea073215e","1CK6KHY6MHgYvmRQ4PAafKYDrg1ejbH1cE","Unknown","blockchain.info"
"41","1462396444","410240","0000000000000000037e3be1f83d8e1aae5733653e84d88647a0ba6d2f497dec","4","27497883","1794","998140","038042061f4d696e656420627920416e74506f6f6c20626a35202ff5358e20572a661c017e1100000aec0000","7e08766b122d9928ebe8a43385fc8ed5074e8fa2e9f75dbb3640381d7a70d95f","15urYnyeJe3gwbGJ74wcX89Tz7ZtsFDVew","Unknown","blockchain.info"
"42","1462396890","410241","000000000000000000898466ac6ab7a80db695ce2b405133a2911cae12de65e7","4","28798098","1391","999980","0381420637e4b883e5bda9e7a59ee4bb99e9b1bcba2dfe7142685a833d3c597770046c2a08c89647387ddb0bf0579db6fa1744fb04000000f09f909f144d696e6564206279207a68616e6777656938383800000000000000000000000000000000000000","2d0c530752039f67d14de6121f20dba20180cea4dc15feea30883d64d10eb1e3","1KFHE7w8BhaENAswwryaoccDb6qcT6DbYY","Discus Fish (F2Pool)","blockchain.info"
"43","1462396902","410242","0000000000000000044beae785863a65b29d9ad906a193bd5c278d787e731929","4","215567","15","3997","038242061e4d696e656420627920416e74506f6f6c20626a36202bcabe1520572a67e6ee0e00004bdf0100","e3910e2684511c457205f2d3eb2dc5eafe2515e0ff842b89f67d4219d641ac3e","15urYnyeJe3gwbGJ74wcX89Tz7ZtsFDVew","Unknown","blockchain.info"
"44","1462397431","410243","000000000000000004d5ca5ae973dab7a133f722c3556ce3c578de7e366651b0","4","30007697","1666","999828","0383420637e4b883e5bda9e7a59ee4bb99e9b1bcff3b624528c914c4751b9af42c2b3e39bed7b163192b9d50fc23f5db363a9a9304000000f09f909f124d696e6564206279207169616e6461776569000000000000000000000000000000000000000000","259f4b68328dd4e9e9e8fd3252efc64b2cc5183616675a8800c46797b9f847c8","1KFHE7w8BhaENAswwryaoccDb6qcT6DbYY","Discus Fish (F2Pool)","blockchain.info"
"45","1462397473","410244","000000000000000000af6e8eccdeeb770e3eda1d93f063d471fb2828e1cad831","4","9344113","251","998070","03844206204d696e656420627920416e74506f6f6c20626a31342009af605820572a6a2101cf2c0000b6880200","2080d4c0e3e54b0e54c4964766227564dcb1d4c4d311e8f36c0565627b6f36c9","15urYnyeJe3gwbGJ74wcX89Tz7ZtsFDVew","Unknown","blockchain.info"
"46","1462397538","410245","000000000000000004f234e3376e99671a93777039396a465170215f6a2aeca6","4","10435996","341","999923","0385420637e4b883e5bda9e7a59ee4bb99e9b1bc969dc6903a34afcfffe7088c7a25cde2646f73d94b3c9a780c6785ea262c7d9604000000f09f909f0d4d696e6564206279206a6e73640000000000000000000000000000000000000000000000000000","4c8f234ce3b6ca5a12ea4125e30c27e5cf5e8321ead7c0ecb40c66a5f23851db","1KFHE7w8BhaENAswwryaoccDb6qcT6DbYY","Discus Fish (F2Pool)","blockchain.info"
"47","1462397869","410246","000000000000000005e4f0a786fdfad9f7e1f9a165bf61394d84c71c23314620","536870912","19805078","880","997982","0386420604a76b2a5708100000090004813f102f426974467572792f5345475749542f","48412b2eeef408d4f6578a114b674671ee571085281b40d8f5119b47a7ad34e0","1DrK44np3gMKuvcGeFVv9Jk67zodP52eMu","Bitfury","blockchain.info"
"48","1462398101","410247","00000000000000000322953be68e1ec5815ad078221999a1d0af8998ddfd6a8b","4","11600336","634","667696","038742061f4d696e656420627920416e74506f6f6c20626a3131200952812620572a6c95071700007aee0800","a2bbf0c2d48f046f8abb28b36564e7ebc28c7b1007de97c5240ad60bb3c19327","15urYnyeJe3gwbGJ74wcX89Tz7ZtsFDVew","Unknown","blockchain.info"
"49","1462399170","410248","0000000000000000060d02efab20994ecb8d25191351c64d774f2d59c77ed675","4","41530789","2450","998161","038842061f4d696e656420627920416e74506f6f6c20626a313520107a10ac20572a70c2d80b00006eaf2200","7d9b3a15dbcb50fd1a5c5ce3b964d7c2a2dd6d856dcda9d03caf7b92e8bd1833","15urYnyeJe3gwbGJ74wcX89Tz7ZtsFDVew","Unknown","blockchain.info"
"50","1462399289","410249","00000000000000000304073a49a41f7d5fbcbf6d236f6eb542c33ab59c76cd6d","4","6599480","335","172107","0389420637e4b883e5bda9e7a59ee4bb99e9b1bcb833f79c3c589df9d3c2ae95299193fb078fc403f5aea530c9a5814028504ae904000000f09f909f124d696e6564206279206b696d6a6f6e67756b000000000000000000000000000000000000000000","2a6c445ba5a03912862e0dbaecffb46c89e1a1a7162d8abe3cd533dbf96d96fb","1KFHE7w8BhaENAswwryaoccDb6qcT6DbYY","Discus Fish (F2Pool)","blockchain.info"
"51","1462399920","410250","000000000000000004185dc1b79bb48cb375c18ffa99e7aefa3ba7790571cbca","4","25548483","1408","731505","038a420637e4b883e5bda9e7a59ee4bb99e9b1bc3abad93f6477b22e02c1e43cc2de9c169000e63315bb19c59617ae90d919987a04000000f09f909f164d696e6564206279206c69756368616e677368656e670000000000000000000000000000000000","0223449bbc1d759d9a5ac8961573a63cf4bdcf3265ce5273fd208175b099a862","1KFHE7w8BhaENAswwryaoccDb6qcT6DbYY","Discus Fish (F2Pool)","blockchain.info"
"52","1462400115","410251","000000000000000004b038d272f3bd2132fd31986ecbe7fb8a83a0d61d27ae5b","536870912","9477312","669","539921","038b42060467742a57080800fd32000601a7102f426974467572792f4249503130302f","8ea58d6d5c9166c139fd3f76d7004e93e42788c5134c43c218aeaf98ad365871","1FeDtFhARLxjKUPPkQqEBL78tisenc9znS","Bitfury","blockchain.info"
"53","1462401889","410252","00000000000000000588ee1040f6004bbcff138abaa52b707afab2f3037a2f8d","4","51335403","3187","998043","038c42061e4d696e656420627920416e74506f6f6c20736331200edc51c520572a7b614d1200003af21100","5876d61dac21d4a4515647d52f1439524576bf7c75cd42c824bdf2e9a87e1f90","15urYnyeJe3gwbGJ74wcX89Tz7ZtsFDVew","Unknown","blockchain.info"
"54","1462401970","410253","00000000000000000442f95b458045f9276f22ddec5ae3668eefd4f15698f8c3","4","19976750","989","999771","038d420637e4b883e5bda9e7a59ee4bb99e9b1bc9301e347851868ff89b1d76b74b3fca7369a96da322de3a44b9046f4f24666b904000000f09f909f144d696e65642062792068616f6274636d6c73733700000000000000000000000000000000000000","450b423dc08d417b996f692e7c923d67d8e70833e5b482f258a64ab20443f979","1KFHE7w8BhaENAswwryaoccDb6qcT6DbYY","Discus Fish (F2Pool)","blockchain.info"
"55","1462402194","410254","0000000000000000053b69e7abd7d7083c8e7cddf4e3acb90cdf09a0dd8b4671","536870912","11783479","679","272587","038e4206d16f242309a8a2e5a304c00241e2997e0000202f425443432f000000000000000000000000000000000000000000000000000000000000000000000000000000000000000000000000000000000000","96e71466fb522b3a7ab43d4a218b8e56fe4a42aaed0c0942086c79aa4267bdfa","152f1muMCNa7goXYhYAQC61hxEgGacmncB","Unknown","blockchain.info"
"56","1462402427","410255","0000000000000000014f064aa459a3e88ae72c43ca8691a597f8a4dfde48d6d0","536870912","19123147","725","997887","038f420600047b7d2a5704c8820d1808b5f2d4947d8208000a425720537570706f727420384d200a666973686572206a696e78696e092f425720506f6f6c2f","b576fbc48b9023579a63389a95a37f7a4381058a22a98b7eeb0c3683dc409b23","1BQLNJtMDKmMZ4PyqVFfRuBNvoGhjigBKF","Unknown","blockchain.info"
"57","1462403387","410256","000000000000000001dce0a83224ea5f36adb08edc24eeec2aa7a923c51ef0fc","4","49527880","1900","831055","039042060d00456c696769757300572a813bfabe6d6d82b0817161860f2ad639c388cd8cde6e636d6ef03bbb331ccbd2951653c064d30100000000000000002f737332302f005a00000015201a00","c351ec010dffc4c85184e374141b6f30dc65ba94d197e535f4397e543d203995","Multiple","Unknown","blockchain.info"
"58","1462403753","410257","000000000000000000207d10a879354d30cd781bd44d204a341d3a322b8708b5","4","25493993","1391","951797","0391420637e4b883e5bda9e7a59ee4bb99e9b1bc84de1bb429ab5b4dd73f82fbdfe5981ee9159a262f7e23cf378ca4934e41697a04000000f09f909f144d696e65642062792068616f6274636d6c73613600000000000000000000000000000000000000","d33d1b7a20c695c288eb92f12ef388fa655732f892627f6a866beb5e825f6fef","1KFHE7w8BhaENAswwryaoccDb6qcT6DbYY","Discus Fish (F2Pool)","blockchain.info"
"59","1462403838","410258","0000000000000000007f2cd45aec2841507d60bd3eb85312a13ddfcb3add8f54","536870912","3833979","199","153836","0392420604ed822a57086ffffffa000331d7102f426974467572792f5345475749542f","72d36e293f6ce49e70c61817fd75b74ccf1d93956c5ac6b3bf60ec9afcbe225c","1DrK44np3gMKuvcGeFVv9Jk67zodP52eMu","Bitfury","blockchain.info"
"60","1462403903","410259","0000000000000000037b2d3890b4f8b2da4e0464a4bf8f07815cdb6cc7ac3679","4","4498217","185","117292","0393420637e4b883e5bda9e7a59ee4bb99e9b1bc431d506f54ddc39920025a97b8b5e0fe149e00b36d31efacfef156788385c7f104000000f09f909f164d696e6564206279207975656a756e383138323030380000000000000000000000000000000000","82b82b131d4ac110729a00500960d853857d8e25cd20400a2deb9727b50eaea1","1KFHE7w8BhaENAswwryaoccDb6qcT6DbYY","Discus Fish (F2Pool)","blockchain.info"
"61","1462403948","410260","0000000000000000005b8bed3ae7ed47232e281da18d3439e680eb2b062abd6f","536870912","1377635","83","31693","039442064b0b0b9d097a87181d0140013278be550000202f425443432f000000000000000000000000000000000000000000000000000000000000000000000000000000000000000000000000000000000000","a6debd9c0f39b2ad28dff6104e63c350d1bf0a05535e34890b3bf1e5e682a588","152f1muMCNa7goXYhYAQC61hxEgGacmncB","Unknown","blockchain.info"
