"","height","hash","block_time","difficulty","is_orphan","byte_size","transactions","value","miningpool_name","miningpool_url","miningpool_slug","total_input_value","total_output_value","total_fee","script_signature","generationAddress","API"
"1",411300,"000000000000000001a3079487a9b24c8169193c357b18bf5d5021f14cc3fa29","2016-05-11T12:37:39+0000",194254820283,0,998086,2097,1264521523850,"Bitfury","http://www.bitfury.org/","bitfury",2500000000,2531006138,31006138,"03a446060479273357085000001f000c1188102f426974467572792f5345475749542f","1DrK44np3gMKuvcGeFVv9Jk67zodP52eMu","blocktrail.com"
"2",411301,"000000000000000000b9d8d41163087d3300a013dcfaffe3347c87bedfe81aab","2016-05-11T12:42:51+0000",194254820283,0,957699,1142,1033162398390,"DiscusFish / F2Pool","http://www.f2pool.com","discusfish",2500000000,2532044225,32044225,"03a5460637e4b883e5bda9e7a59ee4bb99e9b1bc42bf8d01a32bc0d2d75804e8fafef919663982f89a5d1911e3eda7d2898296dd04000000f09f909f0c4d696e65642062792064796b000000000000000000000000000000000000000000000000000000","1KFHE7w8BhaENAswwryaoccDb6qcT6DbYY","blocktrail.com"
"3",411302,"00000000000000000479bfd47959f64f0e47f9a57127b15351379994e7110201","2016-05-11T12:52:44+0000",194254820283,0,927990,984,1129814312525,"Eligius","http://eligius.st","eligius",2500000000,2545977186,45977186,"03a646060e00456c69676975730057332b0a01fabe6d6d1a1572d04ac9c212068b3082dc484a423f7b63b539092134a09b5aeadb496b250100000000000000002f737333362f006a000000f66c0000","Multiple","blocktrail.com"
"4",411303,"000000000000000003c0675c2d0da7f046d9879eb5bfd9db21a75116d05b9378","2016-05-11T13:03:36+0000",194254820283,0,998050,2344,2273271607212,"Bitfury","http://www.bitfury.org/","bitfury",2500000000,2546376789,46376789,"03a7460604872d3357084ffff95700040413102f426974467572792f4249503130302f","1FeDtFhARLxjKUPPkQqEBL78tisenc9znS","blocktrail.com"
"5",411304,"00000000000000000343590b7ccb24ab1102aaaa0706c04f09f7a65bf13cfed0","2016-05-11T13:28:45+0000",194254820283,0,998059,3275,5451593036617,"AntPool","https://antpool.com","antpool",2500000000,2563732554,63732554,"03a84606204d696e656420627920416e74506f6f6c20626a313220394a50f7205733338d01542f0000bd1d3200","15urYnyeJe3gwbGJ74wcX89Tz7ZtsFDVew","blocktrail.com"
"6",411305,"0000000000000000058715d099fb726e009154eafd78bd3aef4bb37f834ec11b","2016-05-11T13:29:12+0000",194254820283,0,999858,1797,2366329165057,"DiscusFish / F2Pool","http://www.f2pool.com","discusfish",2500000000,2523327368,23327368,"03a9460637e4b883e5bda9e7a59ee4bb99e9b1bcc4f881409e2141a02ccbbac5c05cb7617bc118d27acef10b9250fc8d3cefe69c04000000f09f909f0c4d696e656420627920616e74000000000000000000000000000000000000000000000000000000","1KFHE7w8BhaENAswwryaoccDb6qcT6DbYY","blocktrail.com"
"7",411306,"0000000000000000055e5e9513116ef7dd6631ae3e0dbcc376e5890fb7ef2c28","2016-05-11T13:48:45+0000",194254820283,0,998211,2952,3886946859194,"AntPool","https://antpool.com","antpool",2500000000,2561988318,61988318,"03aa46061f4d696e656420627920416e74506f6f6c20626a313220394a50f7205733383d0607000054fd2700","15urYnyeJe3gwbGJ74wcX89Tz7ZtsFDVew","blocktrail.com"
"8",411307,"0000000000000000054ba46707cc4c736f47439040992cf3edc484fbb1e5b180","2016-05-11T14:13:03+0000",194254820283,0,934328,3128,4466217178297,"KNCMiner","http://kncminer.com","kncminer",2500000000,2565062201,65062201,"03ab46061b4b6e434d696e657242322d5032a502c1d3f994526e57333e470c95e201000065770f00","1Mpce11eUTuP9mxyDixdFbJzPrdNEJkgB4","blocktrail.com"
"9",411308,"000000000000000000ff583eda6dc841311e161198e02a5677fae19e4f785f70","2016-05-11T14:19:03+0000",194254820283,0,998051,2323,1520829301196,"AntPool","https://antpool.com","antpool",2500000000,2532822017,32822017,"03ac46061f4d696e656420627920416e74506f6f6c20626a31342009af60582057333f57cd2b00001fac0700","15urYnyeJe3gwbGJ74wcX89Tz7ZtsFDVew","blocktrail.com"
"10",411309,"000000000000000001ed04c49c21e8e7b62e57ace722ed8ff3e85d2d9d3709e4","2016-05-11T14:23:31+0000",194254820283,0,998207,1629,795351513169,"BW Pool","https://www.bw.com","bwpool",2500000000,2526193453,26193453,"03ad4606000464403357045090310e085fc4f63b10c208000a425720537570706f727420384d200a666973686572206a696e78696e092f425720506f6f6c2f","1BQLNJtMDKmMZ4PyqVFfRuBNvoGhjigBKF","blocktrail.com"
"11",411310,"0000000000000000036b4c8fb5037e25d59c93b305a4e7a3b0bc5f9989edd864","2016-05-11T14:28:28+0000",194254820283,0,749805,1252,939054697809,"DiscusFish / F2Pool","http://www.f2pool.com","discusfish",2500000000,2526469238,26469238,"03ae460637e4b883e5bda9e7a59ee4bb99e9b1bc313dc2c8325bdd65ec00487d5334438f1253cba969fb07097878785f88f49c7004000000f09f909f0e4d696e6564206279207a6331313100000000000000000000000000000000000000000000000000","1KFHE7w8BhaENAswwryaoccDb6qcT6DbYY","blocktrail.com"
"12",411311,"000000000000000000ffae3998246ed71a1517c0ec6d0f09bf9452d026b86528","2016-05-11T14:29:34+0000",194254820283,0,98473,210,84132991577,"DiscusFish / F2Pool","http://www.f2pool.com","discusfish",2500000000,2504147414,4147414,"03af460637e4b883e5bda9e7a59ee4bb99e9b1bc842bd89512df812bbf6f73544dcb449b1d6650c1427edb0f16c9a7ea0331c56e04000000f09f909f114d696e6564206279206c7562696e39393700000000000000000000000000000000000000000000","1KFHE7w8BhaENAswwryaoccDb6qcT6DbYY","blocktrail.com"
"13",411312,"0000000000000000020981a3c2998e0ceb017ae2577e4f3b1fc2e3fc7103d988","2016-05-11T14:32:43+0000",194254820283,0,349539,759,448011959301,"AntPool","https://antpool.com","antpool",2500000000,2512066557,12066557,"03b046061f4d696e656420627920416e74506f6f6c20626a313520107a10ac205733428bb729000071290600","15urYnyeJe3gwbGJ74wcX89Tz7ZtsFDVew","blocktrail.com"
"14",411313,"000000000000000001e670739ad29297b593aa960c141d594fd2756788c46c93","2016-05-11T14:36:10+0000",194254820283,0,388822,864,657885690470,"Telco 214","http:///www.telco214.com/","telco214",2500000000,2514062832,14062832,"03b1460600044d433357044d8e03380c2718db56742a0000000000000a2020202020200a2f72657365727665642f","1DXRoTT67mCbhdHHL1it4J1xsSZHHnFxYR","blocktrail.com"
"15",411314,"0000000000000000026806253ad80b75a43ba9937984b5fb6e6826b2297744f2","2016-05-11T14:51:05+0000",194254820283,0,998162,2693,3628894000765,"AntPool","https://antpool.com","antpool",2500000000,2549004281,49004281,"03b246061f4d696e656420627920416e74506f6f6c20757361312022fadf0120573346d98a2b0000df750a00","15HCzh8AoKRnTWMtmgAsT9TKUPrQ6oh9HQ","blocktrail.com"
"16",411315,"0000000000000000016c96f3594e223d8ae0b6865a4fb3bc6c9243f93d9dee63","2016-05-11T15:09:19+0000",194254820283,0,998168,2997,3486120456386,"AntPool","https://antpool.com","antpool",2500000000,2555662761,55662761,"03b346061f4d696e656420627920416e74506f6f6c20757361322011bae02f2057334b1f8b0e000014ee0a00","1Ebb8NfVmKMoGuMJCAEbVMv2dX8GnzgxSa","blocktrail.com"
"17",411316,"0000000000000000031665d245c3b9b4804683b81e14d472de34599b0b5bf5f8","2016-05-11T15:13:01+0000",194254820283,0,998071,1515,1025463627083,"BW Pool","https://www.bw.com","bwpool",2500000000,2528449010,28449010,"03b446060004fe4b335704a643a900083c44a7823c1d06000a425720537570706f727420384d200a666973686572206a696e78696e092f425720506f6f6c2f","1BQLNJtMDKmMZ4PyqVFfRuBNvoGhjigBKF","blocktrail.com"
"18",411317,"000000000000000002b19fa36bc3d9c35e35368c1f2a036da6e1ed421c49ed4c","2016-05-11T15:33:28+0000",194254820283,0,998137,3052,3971306597107,"AntPool","https://antpool.com","antpool",2500000000,2558789306,58789306,"03b54606204d696e656420627920416e74506f6f6c20626a313220394a50f720573350c8014417000084192900","15urYnyeJe3gwbGJ74wcX89Tz7ZtsFDVew","blocktrail.com"
"19",411318,"00000000000000000331f04b50c5f25ee7298508692c76279f537fcc8b0a84b0","2016-05-11T15:51:43+0000",194254820283,0,998073,3015,4893493409278,"AntPool","https://antpool.com","antpool",2500000000,2556285763,56285763,"03b646061f4d696e656420627920416e74506f6f6c20626a31342009af6058205733550fc32500006db22300","15urYnyeJe3gwbGJ74wcX89Tz7ZtsFDVew","blocktrail.com"
"20",411319,"000000000000000000abfa25bb5bf0294c161472778b7f3b6bd00424e5f5e616","2016-05-11T16:24:02+0000",194254820283,0,934392,2771,2740295174828,"KNCMiner","http://kncminer.com","kncminer",2500000000,2615623234,115623234,"03b74606194b6e434d696e657242322d5031ec4abd8373fd780857335d23ab0100002fa91300","1Mpce11eUTuP9mxyDixdFbJzPrdNEJkgB4","blocktrail.com"
"21",411320,"000000000000000000fa1cc7d2d22db5632081a0e6373f57caca306d1198e210","2016-05-11T16:27:43+0000",194254820283,0,999968,2844,3152163365376,"DiscusFish / F2Pool","http://www.f2pool.com","discusfish",2500000000,2542079000,42079000,"03b8460637e4b883e5bda9e7a59ee4bb99e9b1bceecb60d40d03e16583d3e88f0af69cc699af40eab6da2936499b198bcf3e895d04000000f09f909f0c4d696e656420627920626331000000000000000000000000000000000000000000000000000000","1KFHE7w8BhaENAswwryaoccDb6qcT6DbYY","blocktrail.com"
"22",411321,"0000000000000000037a3bead9a2c3e215f67ca418593c18e30ff15ee0a41e03","2016-05-11T16:28:50+0000",194254820283,0,997947,1629,912944661958,"BitClub Network","https://bitclubnetwork.com","bitclubnetwork",2500000000,2527638332,27638332,"03b946060004c25d335704cd6b74290cbc243257e0380200000000000a636b706f6f6c182f426974436c7562204e6574776f726b2f5345475749542f","155fzsEBHy9Ri2bMQ8uuuR3tv1YzcDywd4","blocktrail.com"
"23",411322,"000000000000000003c881d1a419808178a454fbf830d0320b55efde41891673","2016-05-11T16:36:50+0000",194254820283,0,2032,7,9134924994,"AntPool","https://antpool.com","antpool",2500000000,2500288922,288922,"03ba46061f4d696e656420627920416e74506f6f6c2075736130200a0d22302057335fa2ad020000c26b0f00","1JVMpaWzLB1pnkwoQNqK4Z4EimQj5bCKj7","blocktrail.com"
"24",411323,"00000000000000000122c5c75576ff82aaa63d286f596c4a3e5381228a2715e0","2016-05-11T16:46:10+0000",194254820283,0,988047,2146,2386116998944,"Kano CKPool","http://www.kano.is","kano",2500000000,2559531350,59531350,"03bb46060004bb61335704ad49b90f0c1fc8485731730000000000000a636b706f6f6c0d2f4b616e6f202f4245424f502f","Multiple","blocktrail.com"
"25",411324,"000000000000000000e8ec6c35322d7431a469972a8a2dd7f70e88b3bf37898e","2016-05-11T16:59:03+0000",194254820283,0,999810,2776,2320112287204,"DiscusFish / F2Pool","http://www.f2pool.com","discusfish",2500000000,2556167143,56167143,"03bc460637e4b883e5bda9e7a59ee4bb99e9b1bce4bf98c96220c0088cca6d05aece84714341141a51254f0f25afa501bd5cc64d04000000f09f909f154d696e656420627920613138373337353733333333000000000000000000000000000000000000","1KFHE7w8BhaENAswwryaoccDb6qcT6DbYY","blocktrail.com"
"26",411325,"0000000000000000028c158b1f64e7d3924c50efc0726f382c4c3dc33eb53030","2016-05-11T17:00:55+0000",194254820283,0,998110,1989,1019260499561,"Slush","https://mining.bitcoin.cz","slush",2500000000,2528296339,28296339,"03bd4606fabe6d6dfddeeca0d87ea0eb9fbeb2323bebf2bb5de6affa3387e12fffca8f6034dc5a7d0100000000000000016506001394657a1b0400d0a2032f736c7573682f","1CK6KHY6MHgYvmRQ4PAafKYDrg1ejbH1cE","blocktrail.com"
"27",411326,"00000000000000000113d30ba22de18d2b1883c2f78fd41c6275e8717cbf18db","2016-05-11T17:20:15+0000",194254820283,0,989163,2550,2293401320506,"BTCC","https://pool.btcc.com/","btcc",2500000000,2558991310,58991310,"03be46061d83708909a60f48770ae00025016c2b0400202f425443432f000000000000000000000000000000000000000000000000000000000000000000000000000000000000000000000000000000000000","152f1muMCNa7goXYhYAQC61hxEgGacmncB","blocktrail.com"
"28",411327,"000000000000000003b80aabdb73cb9efcde02c23065b7deb6f7e1bdbde12b30","2016-05-11T17:44:32+0000",194254820283,0,998069,2891,2548489603040,"BW Pool","https://www.bw.com","bwpool",2500000000,2571456614,71456614,"03bf460600047c6f33570492eb390c086460498bdf19005c0a425720537570706f727420384d200a666973686572206a696e78696e092f425720506f6f6c2f","1BQLNJtMDKmMZ4PyqVFfRuBNvoGhjigBKF","blocktrail.com"
"29",411328,"0000000000000000036d52da20e86589fb18a1a7f9ac016ea396fd42df7f7a65","2016-05-11T17:52:07+0000",194254820283,0,989191,2285,1664247867450,"BTCC","https://pool.btcc.com/","btcc",2500000000,2541532501,41532501,"03c04606f6cd43c509559963280b68006e29fb140f00202f425443432f000000000000000000000000000000000000000000000000000000000000000000000000000000000000000000000000000000000000","152f1muMCNa7goXYhYAQC61hxEgGacmncB","blocktrail.com"
"30",411329,"000000000000000004b25859799ef003d7114155e17fe83f134d016f6d7a97eb","2016-05-11T17:52:28+0000",194254820283,0,4168,18,4067834351,"AntPool","https://antpool.com","antpool",2500000000,2500348304,348304,"03c146061e4d696e656420627920416e74506f6f6c20736331200edc51c5205733715c11010000a1290000","15urYnyeJe3gwbGJ74wcX89Tz7ZtsFDVew","blocktrail.com"
"31",411330,"0000000000000000031dd6f22fa8dabeb2a8c5343158c16e4ea20bda374ab69e","2016-05-11T18:17:30+0000",194254820283,0,998201,3192,2867879662188,"AntPool","https://antpool.com","antpool",2500000000,2598622192,98622192,"03c246061f4d696e656420627920416e74506f6f6c20757361322011bae02f205733773a023600001d8f2a00","1Ebb8NfVmKMoGuMJCAEbVMv2dX8GnzgxSa","blocktrail.com"
"32",411331,"000000000000000002cc7b24fb1adb3739358d4829b4e21fc95d35acd96c0802","2016-05-11T18:18:42+0000",194254820283,0,999919,2355,944065266296,"DiscusFish / F2Pool","http://www.f2pool.com","discusfish",2500000000,2531722548,31722548,"03c3460637e4b883e5bda9e7a59ee4bb99e9b1bc795fc94c0afbf8ff2b3d1da82131dac12a45900a0400d37a447e87cbd7415c8d04000000f09f909f0f4d696e6564206279206c786e647368000000000000000000000000000000000000000000000000","1KFHE7w8BhaENAswwryaoccDb6qcT6DbYY","blocktrail.com"
"33",411332,"0000000000000000038ef3adbe05877fb3d4698cd1c4288e044a875132dc1a18","2016-05-11T18:19:21+0000",194254820283,0,989176,1151,196548490928,"BTCC","https://pool.btcc.com/","btcc",2500000000,2520809176,20809176,"03c446061bbf39190948d24c250730006e43f94300c5202f425443432f000000000000000000000000000000000000000000000000000000000000000000000000000000000000000000000000000000000000","152f1muMCNa7goXYhYAQC61hxEgGacmncB","blocktrail.com"
"34",411333,"0000000000000000029b399af0b88693c306dfe0f4a6c6dfb34d091573ccb4d4","2016-05-11T18:26:44+0000",194254820283,0,998168,1629,1204751611601,"BitClub Network","https://bitclubnetwork.com","bitclubnetwork",2500000000,2532578622,32578622,"03c5460600046179335704a58a37330c5b293257182f32570000002b0a636b706f6f6c182f426974436c7562204e6574776f726b2f5345475749542f","155fzsEBHy9Ri2bMQ8uuuR3tv1YzcDywd4","blocktrail.com"
"35",411334,"000000000000000002132c54f28c9c3166b6c10acc1c7e3e40dc30d14b8bb87c","2016-05-11T18:35:01+0000",194254820283,0,998021,1450,997737323770,"Bitfury","http://www.bitfury.org/","bitfury",2500000000,2530857175,30857175,"03c64606044e7b33570828000033001082d9102f426974467572792f5345475749542f","1DrK44np3gMKuvcGeFVv9Jk67zodP52eMu","blocktrail.com"
"36",411335,"0000000000000000009eaaa171a993e931113ec84b0fb5ce76c53a8237e016ca","2016-05-11T18:51:01+0000",194254820283,0,998180,2524,1812329034837,"1Hash","http://www.1hash.com/","1hash",2500000000,2551390010,51390010,"03c74606","Multiple","blocktrail.com"
"37",411336,"000000000000000000337d91d20cf5beb643c9d062ba8c8f69f31f8ac5091112","2016-05-11T18:51:29+0000",194254820283,0,4179,14,16889881148,"AntPool","https://antpool.com","antpool",2500000000,2500595619,595619,"03c84606204d696e656420627920416e74506f6f6c20626a313220394a50f72057337f31022f22000031230100","15urYnyeJe3gwbGJ74wcX89Tz7ZtsFDVew","blocktrail.com"
"38",411337,"000000000000000005a89595a6caa9aaa8e753d50b6d04bc236f6fb163903135","2016-05-11T18:56:16+0000",194254820283,0,999962,1667,1078654989812,"DiscusFish / F2Pool","http://www.f2pool.com","discusfish",2500000000,2525157862,25157862,"03c9460637e4b883e5bda9e7a59ee4bb99e9b1bce2ae50863d58a185ba6e8c900094d190ac024f5bb133ce5ea3fb3dd66686e3a004000000f09f909f0d4d696e656420627920627273350000000000000000000000000000000000000000000000000000","1KFHE7w8BhaENAswwryaoccDb6qcT6DbYY","blocktrail.com"
"39",411338,"000000000000000002ce645503f786cc970112d9e3cc98ba1b9ef71dcf73c884","2016-05-11T19:01:27+0000",194254820283,0,998125,1052,490413540643,"Bitfury","http://www.bitfury.org/","bitfury",2500000000,2524405839,24405839,"03ca460604798133570828000061000aaa34102f426974467572792f5345475749542f","1DrK44np3gMKuvcGeFVv9Jk67zodP52eMu","blocktrail.com"
"40",411339,"000000000000000001d997cff8dfca7066898c43bb7ef26c76f3d0b01c681a65","2016-05-11T19:03:34+0000",194254820283,0,998206,1070,186353166097,"AntPool","https://antpool.com","antpool",2500000000,2514266743,14266743,"03cb46061f4d696e656420627920416e74506f6f6c20757361322011bae02f2057338206e2200000a7720100","1Ebb8NfVmKMoGuMJCAEbVMv2dX8GnzgxSa","blocktrail.com"
"41",411340,"000000000000000002e46ec6f7deb0ccdedd34e3868f18d811913f7aba05816b","2016-05-11T19:05:15+0000",194254820283,0,998030,440,263766973394,"Bitfury","http://www.bitfury.org/","bitfury",2500000000,2513191307,13191307,"03cc460604628233570867fff17a00030343102f426974467572792f4249503130302f","1FeDtFhARLxjKUPPkQqEBL78tisenc9znS","blocktrail.com"
"42",411341,"00000000000000000074aaa60a963dbf9af45ccbe992c4ab09262105d46116c6","2016-05-11T19:11:19+0000",194254820283,0,810448,1165,475152227037,"DiscusFish / F2Pool","http://www.f2pool.com","discusfish",2500000000,2519646267,19646267,"03cd460637e4b883e5bda9e7a59ee4bb99e9b1bc2d071465a4054976c2033fdc9561e00ac8611eaa191f64a4d6086c83ccc95ed504000000f09f909f114d696e656420627920657a6d696e67736800000000000000000000000000000000000000000000","1KFHE7w8BhaENAswwryaoccDb6qcT6DbYY","blocktrail.com"
"43",411342,"000000000000000002a1b9a53f553fc2fe40bb782e213e5f598232bc2a6e3c77","2016-05-11T19:12:30+0000",194254820283,0,72669,184,165493008516,"DiscusFish / F2Pool","http://www.f2pool.com","discusfish",2500000000,2503013779,3013779,"03ce460637e4b883e5bda9e7a59ee4bb99e9b1bcf1bf3a457c682c9917f105b539758f024543756ac418960c43aed04c1480150a04000000f09f909f0d4d696e6564206279206c6970630000000000000000000000000000000000000000000000000000","1KFHE7w8BhaENAswwryaoccDb6qcT6DbYY","blocktrail.com"
"44",411343,"0000000000000000013de22cf145151f596917d78d7af95afa6092767d9208ee","2016-05-11T19:20:34+0000",194254820283,0,997369,1333,1155371466844,"Bitfury","http://www.bitfury.org/","bitfury",2500000000,2528107990,28107990,"03cf460604e9853357082800012406040897102f426974467572792f5345475749542f","1DrK44np3gMKuvcGeFVv9Jk67zodP52eMu","blocktrail.com"
"45",411344,"00000000000000000304c49f0e3c3dce67e7a1f3829f20716dff8a29fd6a1ebb","2016-05-11T19:25:19+0000",194254820283,0,335716,842,634908251459,"Slush","https://mining.bitcoin.cz","slush",2500000000,2513101876,13101876,"03d04606fabe6d6d64ac3879c7212a8d9c68e968f50f5cfb213c86090e2d53d9ff3b128203768c5201000000000000000265080016b62c23f3f809dca8032f736c7573682f","1CK6KHY6MHgYvmRQ4PAafKYDrg1ejbH1cE","blocktrail.com"
"46",411345,"00000000000000000183c7903967fb72623076582f7f3cf6748cd49d3ec2465f","2016-05-11T20:02:33+0000",194254820283,0,998073,3052,2259198814835,"AntPool","https://antpool.com","antpool",2500000000,2569868813,69868813,"03d146061e4d696e656420627920416e74506f6f6c20626a36202bcabe152057338fd9ee070000ab764a00","15urYnyeJe3gwbGJ74wcX89Tz7ZtsFDVew","blocktrail.com"
"47",411346,"000000000000000002e7a2f0ca84fc46a8c5bb0504f928bda82cb0b63a8e7452","2016-05-11T20:18:30+0000",194254820283,0,998231,2716,2434528828074,"Slush","https://mining.bitcoin.cz","slush",2500000000,2551831594,51831594,"03d24606fabe6d6d35e0e56cf42bc9631939010b6b89ebddb0dcc4b2f67cb97be2fd5bccd5bba24501000000000000002165080010a3b4f4b20000c4bf032f736c7573682f","1CK6KHY6MHgYvmRQ4PAafKYDrg1ejbH1cE","blocktrail.com"
"48",411347,"000000000000000004279255e552915e1cdcb7b02715ff4273e5018308930528","2016-05-11T20:36:49+0000",194254820283,0,998014,2724,1735548334902,"Bitfury","http://www.bitfury.org/","bitfury",2500000000,2548893019,48893019,"03d3460604c797335708280000a3000f22e8102f426974467572792f5345475749542f","1DrK44np3gMKuvcGeFVv9Jk67zodP52eMu","blocktrail.com"
"49",411348,"000000000000000004563e834a108a7b2bc054e86ced2f0365375a1a3985852e","2016-05-11T20:48:02+0000",194254820283,0,998160,2307,1549986251125,"AntPool","https://antpool.com","antpool",2500000000,2539597961,39597961,"03d446061f4d696e656420627920416e74506f6f6c20757361312022fadf012057339a82943600009ae61300","15HCzh8AoKRnTWMtmgAsT9TKUPrQ6oh9HQ","blocktrail.com"
"50",411349,"000000000000000004cbc2b30f1cc47a2abb64c5fb3aa9b39c6df13c3ad98ed5","2016-05-11T20:52:29+0000",194254820283,0,998061,1493,641424120474,"AntPool","https://antpool.com","antpool",2500000000,2525883511,25883511,"03d546061e4d696e656420627920416e74506f6f6c2073633020334127372057339b8ddd1b000064bc0700","15urYnyeJe3gwbGJ74wcX89Tz7ZtsFDVew","blocktrail.com"
"51",411350,"0000000000000000032f65bf9c8b9839808eb2032567dcb138352ec6b780b66b","2016-05-11T21:15:48+0000",194254820283,0,998051,2891,1774396292689,"AntPool","https://antpool.com","antpool",2500000000,2555047201,55047201,"03d646061e4d696e656420627920416e74506f6f6c20626a3020201a5355205733a104fd05000056bf2f00","1PE7LXcntsLvavM2KXpJGNu51UbDhC3u63","blocktrail.com"
